"date","measure","nodes","nodes_reporting","radius_mode","reserve_median","fullness_median","fullness_p90","stored_tib"
"2024-01-13","whole reserve",13990,11462,10,4033295.5,0.961612582206726,0.998412084579468,15.3792514801025
"2024-01-14","whole reserve",13675,11432,10,4036112,0.962284088134766,0.998773908615112,15.3895835876465
"2024-01-15","whole reserve",13436,11460,10,4035518.5,0.962142586708069,0.998785424232483,15.3885536193848
"2024-01-16","whole reserve",13767,11508,10,4031734.5,0.961240410804749,0.998785805702209,15.3720588684082
"2024-01-17","whole reserve",13594,10884,10,4040668,0.963370323181152,0.999628257751465,15.4057426452637
"2024-01-18","whole reserve",13102,10746,10,4042820,0.963883399963379,0.999691009521484,15.4130249023438
"2024-01-19","whole reserve",12960,10581,10,4116399,0.981426000595093,0.999744892120361,15.6863174438477
"2024-01-20","whole reserve",13923,11120,10,4081005.5,0.972987532615662,0.998949265480041,15.5653781890869
"2024-01-21","whole reserve",13336,11198,10,4087885,0.974627733230591,0.998791027069092,15.5912685394287
"2024-01-22","whole reserve",13314,11170,10,4098225.5,0.97709310054779,0.997651100158691,15.6280364990234
"2024-01-23","whole reserve",13872,11564,10,4103143,0.978265523910522,0.99723436832428,15.6437168121338
"2024-01-24","whole reserve",13819,11320,10,4128633.5,0.984342932701111,0.999987125396729,15.7399520874023
"2024-01-25","whole reserve",13754,11050,10,4072915.5,0.97105872631073,0.999913263320923,15.5344257354736
"2024-01-26","whole reserve",13368,10327,10,4106354,0.979031085968018,0.995271301269531,15.6611328125
"2024-01-27","whole reserve",13312,10785,10,3955556,0.94307804107666,0.982297325134277,15.0365829467773
"2024-01-28","whole reserve",13227,10653,10,3620839,0.863275289535522,0.999840831756592,13.8088607788086
"2024-01-29","whole reserve",13159,10627,10,3753388,0.894877433776855,0.998835611343384,14.3153991699219
"2024-01-30","whole reserve",12945,10091,10,3901967,0.930301427841187,0.949833154678345,14.8767318725586
"2024-01-31","whole reserve",12489,10077,10,4043014,0.963929653167725,0.977565860748291,15.4181671142578
"2024-02-01","whole reserve",12429,9858,10,3438988.5,0.819918751716614,0.833642554283142,13.1143264770508
"2024-02-02","whole reserve",12403,10136,10,3605404,0.85959529876709,0.877010941505432,13.7201995849609
"2024-02-03","whole reserve",12477,9889,10,3809547,0.90826678276062,0.925161170959473,14.5082168579102
"2024-02-04","whole reserve",12232,9916,10,4028373,0.960438966751099,0.978541970252991,15.3557472229004
"2024-02-05","whole reserve",12440,10317,10,4119971,0.982277631759644,0.999462556838989,15.7158393859863
"2024-02-06","whole reserve",12656,10631,10,4120270,0.982348918914795,0.999466896057129,15.7170219421387
"2024-02-07","whole reserve",12962,11172,10,3985481,0.950212717056274,0.967472958564758,15.2030773162842
"2024-02-08","whole reserve",12920,11202,10,3977172,0.94823169708252,0.965528202056885,15.1714706420898
"2024-02-09","whole reserve",12916,11365,10,3975190,0.94775915145874,0.965124416351318,15.1638946533203
"2024-02-10","whole reserve",12906,11251,10,3975098,0.947737216949463,0.965095520019531,15.1636161804199
"2024-02-11","whole reserve",12850,11353,10,3779406,0.90108060836792,0.918530654907227,14.4170875549316
"2024-02-12","whole reserve",12876,11344,10,3778730,0.900919437408447,0.918398594856262,14.4145393371582
"2024-02-13","whole reserve",12866,11298,10,3779473,0.90109658241272,0.918551659584045,14.4173469543457
"2024-02-14","whole reserve",12859,11316,10,3779364,0.901070594787598,0.918544769287109,14.4169769287109
"2024-02-15","whole reserve",12865,11137,10,3779319,0.901059865951538,0.918512153625488,14.4168395996094
"2024-02-16","whole reserve",12887,10798,10,3779155,0.901020765304565,0.918510460853577,14.416036605835
"2024-02-17","whole reserve",12875,10642,10,3779158,0.901021480560303,0.918550682067871,14.4158897399902
"2024-02-18","whole reserve",12911,11280,10,3778520,0.900869369506836,0.918382453918457,14.413631439209
"2024-02-19","whole reserve",13196,11511,10,3778969,0.900976419448853,0.918707609176636,14.4152679443359
"2024-02-20","whole reserve",13136,11697,10,3778684,0.900908470153809,0.918751955032349,14.4142189025879
"2024-02-21","whole reserve",13603,12195,10,3779005,0.9009850025177,0.919129753112793,14.4151420593262
"2024-02-22","whole reserve",13731,12323,10,3782617,0.901846170425415,0.920104265213013,14.4290084838867
"2024-02-23","whole reserve",13745,12334,10,3783151.5,0.901973605155945,0.920228457450867,14.4309902191162
"2024-02-24","whole reserve",13860,12185,10,3782942,0.901923656463623,0.920430994033814,14.4301986694336
"2024-02-25","whole reserve",13921,12413,10,3781335,0.901540517807007,0.921393632888794,14.423526763916
"2024-02-26","whole reserve",14022,12466,10,3783125.5,0.901967406272888,0.922660112380981,14.4304599761963
"2024-02-27","whole reserve",14247,12568,10,3783250,0.901997089385986,0.925320935249329,14.4311141967773
"2024-02-28","whole reserve",14163,12584,10,3741623.5,0.892072558403015,0.920312571525574,14.2671680450439
"2024-02-29","whole reserve",14197,12419,10,3725010,0.888111591339111,0.919325113296509,14.2042922973633
"2024-03-01","whole reserve",13842,11974,10,3693494,0.880597591400146,0.910877799987793,14.0733680725098
"2024-03-02","whole reserve",14042,5742,10,3744441,0.892744302749634,0.910859942436218,14.2810535430908
"2024-03-03","whole reserve",13066,11559,10,3702332,0.882704734802246,0.913231706619263,14.0940055847168
"2024-03-04","whole reserve",12716,11480,10,3708989,0.884291887283325,0.913572716712952,14.142894744873
"2024-03-05","whole reserve",13683,12188,10,3717370,0.886290073394775,0.92208206653595,14.1515865325928
"2024-03-06","whole reserve",13675,12008,10,3669838.5,0.87495768070221,0.922773456573486,13.9682807922363
"2024-03-07","whole reserve",14203,12307,10,3518698,0.83892297744751,0.89154896736145,13.375545501709
"2024-03-08","whole reserve",14422,12449,10,3526386,0.840755939483643,0.896475744247437,13.4408988952637
"2024-03-09","whole reserve",14431,12620,10,3464602,0.826025485992432,0.880992817878723,13.2129364013672
"2024-03-10","whole reserve",14431,12492,10,3221843.5,0.768147349357605,0.829616570472717,12.2877159118652
"2024-03-11","whole reserve",14361,12929,10,3221269,0.768010377883911,0.830948734283447,12.2861366271973
"2024-03-12","whole reserve",14363,12327,10,3159000,0.753164291381836,0.821111536026001,12.0490417480469
"2024-03-13","whole reserve",14229,12013,10,3161222,0.7536940574646,0.823462820053101,12.0577011108398
"2024-03-14","whole reserve",13723,12263,10,3172004,0.756264686584473,0.825615167617798,12.0991477966309
"2024-03-15","whole reserve",14023,12492,10,3181860,0.758614540100098,0.828137755393982,12.1366195678711
"2024-03-16","whole reserve",14036,12549,10,3201229,0.763232469558716,0.832678508758545,12.2106094360352
"2024-03-17","whole reserve",13976,12570,10,3226910,0.769355297088623,0.83854706287384,12.3086814880371
"2024-03-18","whole reserve",13974,12481,10,3238369,0.772087335586548,0.841252565383911,12.3522567749023
"2024-03-19","whole reserve",14111,12641,10,3254771,0.775997877120972,0.845958709716797,12.414924621582
"2024-03-20","whole reserve",14672,13031,10,3267146,0.778948307037354,0.852197647094727,12.4619750976562
"2024-03-21","whole reserve",14926,12969,10,3278896,0.781749725341797,0.854597043991089,12.507152557373
"2024-03-22","whole reserve",14855,13165,10,3289962,0.784388065338135,0.860284233093262,12.5494499206543
"2024-03-23","whole reserve",14982,13274,10,3296284,0.785895347595215,0.861653876304627,12.5737724304199
"2024-03-24","whole reserve",14993,13342,10,3301947.5,0.787245631217957,0.865356588363647,12.5954208374023
"2024-03-25","whole reserve",14965,13355,10,3302620,0.787405967712402,0.865291595458984,12.5976715087891
"2024-03-26","whole reserve",15019,13344,10,3304840.5,0.787935376167297,0.868929600715637,12.6061325073242
"2024-03-27","within radius",15072,4362,10,3231568.5,0.770465970039368,0.772010445594788,12.3274555206299
"2024-03-28","within radius",15061,7500,10,3221456,0.768054962158203,0.772910237312317,12.2784099578857
"2024-03-29","within radius",14970,9147,10,3203997,0.763892412185669,0.772140264511108,12.2195167541504
"2024-03-30","within radius",15168,10972,10,3198353,0.76254677772522,0.770593571662903,12.1969432830811
"2024-03-31","within radius",15214,10884,10,3196969.5,0.762216925621033,0.769348978996277,12.1932411193848
"2024-04-01","within radius",15157,11175,10,3191676,0.760954856872559,0.767703533172607,12.1713256835938
"2024-04-02","within radius",15278,11456,10,3183794,0.75907564163208,0.766475319862366,12.1391448974609
"2024-04-03","within radius",15324,11824,10,3175576,0.757116317749023,0.765931391716003,12.1098155975342
"2024-04-04","within radius",15278,11860,10,3170760,0.75596809387207,0.765051674842834,12.0939617156982
"2024-04-05","within radius",15225,12113,10,3140280,0.748701095581055,0.759078598022461,11.9777946472168
"2024-04-06","within radius",14884,12028,10,3134099.5,0.747227549552917,0.757793664932251,11.9542083740234
"2024-04-07","within radius",14900,12049,10,3130863,0.746455907821655,0.757157325744629,11.9430618286133
"2024-04-08","within radius",14873,11913,10,3129004,0.746012687683105,0.756625080108642,11.935848236084
"2024-04-09","within radius",14958,12182,10,3124593.5,0.744961142539978,0.755666136741638,11.9191989898682
"2024-04-10","within radius",14930,11689,10,3140586,0.74877405166626,0.759284353256226,11.9803848266602
"2024-04-11","within radius",15180,11846,10,3180418,0.758270740509033,0.768374681472778,12.1321029663086
"2024-04-12","within radius",15246,12330,10,3227544.5,0.769506573677063,0.780085825920105,12.308292388916
"2024-04-13","within radius",15087,12374,10,3291792,0.784824371337891,0.79590814113617,12.5531120300293
"2024-04-14","within radius",15075,12472,10,3368706.5,0.803162217140198,0.814769387245178,12.847677230835
"2024-04-15","within radius",15132,12617,10,3441215,0.820449590682983,0.832448434829712,13.1222076416016
"2024-04-16","within radius",15119,12299,10,3552608,0.847007751464844,0.860610151290894,13.5476837158203
"2024-04-17","within radius",14601,11702,10,3665938,0.874027729034424,0.885525226593018,13.982946395874
"2024-04-18","within radius",14293,11647,10,3742527,0.892287969589233,0.90356240272522,14.2756996154785
"2024-04-19","within radius",14012,11543,10,3807188,0.90770435333252,0.91911473274231,14.5226516723633
"2024-04-20","within radius",14270,12065,10,3864195,0.921295881271362,0.93362717628479,14.7384071350098
"2024-04-21","within radius",14303,11926,10,3928617,0.936655282974243,0.947995066642761,14.9849662780762
"2024-04-22","within radius",14313,10890,10,3999277.5,0.953502058982849,0.963115453720093,15.2539920806885
"2024-04-23","within radius",13666,10145,10,4039299,0.963043928146362,0.972259473800659,15.4079475402832
"2024-04-24","within radius",12896,10242,10,4029411.5,0.960686564445496,0.972085475921631,15.3697128295898
"2024-04-25","within radius",13764,11438,10,4064086.5,0.968953728675842,0.982388257980347,15.5014343261719
"2024-04-26","within radius",14401,11880,10,3893600.5,0.928306698799133,0.939328598976135,14.8510932922363
"2024-04-27","within radius",13715,11657,10,4025110,0.95966100692749,0.969497299194336,15.3504371643066
"2024-04-28","within radius",13966,11454,10,4084294.5,0.973771691322327,0.982621455192566,15.5764408111572
"2024-04-29","within radius",14443,11703,10,4124362,0.983324527740479,0.992193222045898,15.730167388916
"2024-04-30","within radius",15156,12266,11,2102869.5,0.501363158226013,0.997512936592102,15.9227638244629
"2024-05-01","within radius",15444,12544,11,2120371.5,0.505535960197449,0.96481773853302,16.0673484802246
"2024-05-02","within radius",15206,8071,11,2137161,0.509538888931274,0.959680318832397,16.2683486938477
"2024-05-03","within radius",14512,11845,11,2155644,0.513945579528809,0.956771516799927,16.3991394042969
"2024-05-04","within radius",14720,12614,11,2171442,0.517712116241455,0.945159029960633,16.5130577087402
"2024-05-05","within radius",14825,12318,11,2186855,0.521386861801147,0.935130548477173,16.6338500976562
"2024-05-06","within radius",14849,12376,11,2203119.5,0.525264620780945,0.924321889877319,16.7614631652832
"2024-05-07","within radius",15030,12585,11,2216109,0.528361558914185,0.788416051864624,16.8736877441406
"2024-05-08","within radius",15189,12506,11,2234208,0.532676696777344,0.815201759338379,17.0092124938965
"2024-05-09","within radius",15180,12528,11,2250743.5,0.536619067192078,0.538397598266602,17.1452178955078
"2024-05-10","within radius",15128,12763,11,2265741,0.540194749832153,0.541845035552979,17.2661056518555
"2024-05-11","within radius",15382,13050,11,2280631.5,0.543744921684265,0.545430898666382,17.3805847167969
"2024-05-12","within radius",15575,13040,11,2300234.5,0.548418641090393,0.550146865844727,17.5315895080566
"2024-05-13","within radius",15545,13103,11,2317055,0.552428960800171,0.554239892959595,17.6636123657227
"2024-05-14","within radius",15665,13206,11,2335048,0.556718826293945,0.558677792549133,17.8081588745117
"2024-05-15","within radius",15812,13422,11,2351667,0.560681104660034,0.562636351585388,17.9355087280273
"2024-05-16","within radius",15780,13506,11,2368539,0.564703702926636,0.566664934158325,18.0640296936035
"2024-05-17","within radius",15798,13490,11,2379670,0.567357540130615,0.569276356697083,18.1481285095215
"2024-05-18","within radius",15792,13404,11,2387021.5,0.56911027431488,0.57104811668396,18.2049026489258
"2024-05-19","within radius",15788,13246,11,2394400.5,0.570869565010071,0.572797894477844,18.2626762390137
"2024-05-20","within radius",15686,13048,11,2403400.5,0.573015332221985,0.574965000152588,18.3329048156738
"2024-05-21","within radius",15777,13105,11,2417203,0.576306104660034,0.578338432312012,18.4384155273438
"2024-05-22","within radius",15780,13214,11,2424357,0.578011751174927,0.580128288269043,18.4935646057129
"2024-05-23","within radius",15794,13525,11,2435703,0.580716848373413,0.582766628265381,18.5803375244141
"2024-05-24","within radius",15794,13581,11,2446700,0.583338737487793,0.585394144058228,18.6642684936523
"2024-05-25","within radius",15796,13573,11,2457805,0.585986375808716,0.587892007827759,18.7412872314453
"2024-05-26","within radius",15805,13502,11,2468326.5,0.588494896888733,0.590383529663086,18.8215675354004
"2024-05-27","within radius",15789,13424,11,2477997.5,0.590800642967224,0.592778205871582,18.8978614807129
"2024-05-28","within radius",15782,13513,11,2491219,0.593952894210815,0.595979881286621,19.0016021728516
"2024-05-29","within radius",15759,13348,11,2502888.5,0.596735119819641,0.598672461509705,19.0918273925781
"2024-05-30","within radius",15978,12842,11,2513841.5,0.59934651851654,0.601201868057251,19.1768913269043
"2024-05-31","within radius",15501,12831,11,2527803,0.602675199508667,0.604300260543823,19.2843475341797
"2024-06-01","within radius",15377,12743,11,2534446,0.604259014129639,0.605822896957397,19.3353271484375
"2024-06-02","within radius",15430,12888,11,2537525,0.604993104934692,0.606506109237671,19.3585968017578
"2024-06-03","within radius",15859,13204,11,2541030.5,0.605828881263733,0.607238245010376,19.3866729736328
"2024-06-04","within radius",15623,13118,11,2544377.5,0.606626868247986,0.607873034477234,19.4121208190918
"2024-06-05","within radius",15955,13764,11,2551406.5,0.608302712440491,0.609576630592346,19.4658203125
"2024-06-06","within radius",16145,13762,11,2562531.5,0.610955119132996,0.612184977531433,19.5506973266602
"2024-06-07","within radius",16664,14374,11,2570686,0.612899303436279,0.614106583595276,19.6128921508789
"2024-06-08","within radius",17290,13382,11,2578780,0.614829063415527,0.615847325325012,19.6746101379395
"2024-06-09","within radius",17514,13902,11,2586315,0.616625547409058,0.617635917663574,19.7320899963379
"2024-06-10","within radius",17659,13962,11,2592909.5,0.618197798728943,0.619175410270691,19.7824172973633
"2024-06-11","within radius",17549,15127,11,2599815,0.619844198226929,0.620933628082275,19.8352127075195
"2024-06-12","within radius",17702,15278,11,2605694,0.621245861053467,0.622341156005859,19.8799819946289
"2024-06-13","within radius",17589,15091,11,2613599,0.623130559921265,0.624221563339233,19.9402770996094
"2024-06-14","within radius",17796,14915,11,2628781,0.626750230789185,0.627830266952515,20.0560073852539
"2024-06-15","within radius",17908,15056,11,2640906,0.629641056060791,0.630746126174927,20.1485137939453
"2024-06-16","within radius",17886,14497,11,2648233,0.631387948989868,0.632470226287842,20.2044143676758
"2024-06-17","within radius",17951,15299,11,2654910,0.632979869842529,0.634084224700928,20.2553558349609
"2024-06-18","within radius",18078,15369,11,2657806,0.633670330047607,0.634774494171143,20.2774505615234
"2024-06-19","within radius",18062,14409,11,2664435,0.635250806808472,0.636251926422119,20.3280639648438
"2024-06-20","within radius",16083,14308,11,2668592,0.636241912841797,0.637219262123108,20.3597717285156
"2024-06-21","within radius",16335,14335,11,2677988,0.638482093811035,0.63949933052063,20.4314270019531
"2024-06-22","within radius",16769,14646,11,2685288.5,0.640222668647766,0.641266584396362,20.4869117736816
"2024-06-23","within radius",16884,14882,11,2687369,0.640718698501587,0.641759085655212,20.5029907226562
"2024-06-24","within radius",17559,15441,11,2687587,0.640770673751831,0.641829013824463,20.5046615600586
"2024-06-25","within radius",17559,15508,11,2690806,0.641538143157959,0.642595839500427,20.5292358398438
"2024-06-26","within radius",17611,15274,11,2694644.5,0.64245331287384,0.643537521362305,20.5587768554688
"2024-06-27","within radius",17691,15611,11,2701681,0.644130945205688,0.645195722579956,20.6126480102539
"2024-06-28","within radius",17709,15576,11,2706194,0.645206928253174,0.646286725997925,20.6469802856445
"2024-06-29","within radius",17799,15422,11,2712122,0.646620273590088,0.647690510749817,20.6921234130859
"2024-06-30","within radius",18117,15858,11,2716431.5,0.647647738456726,0.648707866668701,20.7247276306152
"2024-07-01","within radius",18573,15915,11,2719784,0.648447036743164,0.649499559402466,20.7503051757812
"2024-07-02","within radius",18139,15594,11,2722141.5,0.649009108543396,0.650062489509582,20.7682914733887
"2024-07-03","within radius",18466,16106,11,2725986.5,0.649925827980042,0.650980472564697,20.7976264953613
"2024-07-04","within radius",18627,16392,11,2731516,0.651244163513184,0.652291512489319,20.8398132324219
"2024-07-05","within radius",18998,13718,11,2736717,0.652484178543091,0.653595042228699,20.8794631958008
"2024-07-06","within radius",19272,16895,11,2749625,0.655561685562134,0.656674909591675,20.9778671264648
"2024-07-07","within radius",19335,16597,11,2761075,0.658291578292847,0.659383249282837,21.0650939941406
"2024-07-08","within radius",19378,17164,11,2772129,0.660927057266235,0.662023234367371,21.1496543884277
"2024-07-09","within radius",19430,17403,11,2783332,0.66359806060791,0.664684247970581,21.2351226806641
"2024-07-10","within radius",19586,17171,11,2784519,0.663881063461304,0.664927959442139,21.2441482543945
"2024-07-11","within radius",19902,17852,11,2783768,0.663702011108398,0.664786314964294,21.2384147644043
"2024-07-12","within radius",19787,17865,11,2783694,0.663684368133545,0.664755725860596,21.2378997802734
"2024-07-13","within radius",19808,17925,11,2783457,0.663627862930298,0.664713764190674,21.2360916137695
"2024-07-14","within radius",19798,18002,11,2783976.5,0.663751721382141,0.664830684661865,21.2399444580078
"2024-07-15","within radius",19810,18050,11,2784116,0.663784980773926,0.664862680435181,21.2411155700684
"2024-07-16","within radius",19952,17522,11,2784887.5,0.663968920707703,0.665029764175415,21.2470054626465
"2024-07-17","within radius",19965,17561,11,2784259,0.663819074630737,0.664891004562378,21.2422103881836
"2024-07-18","within radius",20172,17797,11,2784139,0.663790464401245,0.66486930847168,21.2412948608398
"2024-07-19","within radius",20173,17803,11,2783878,0.6637282371521,0.664788150787354,21.2392959594727
"2024-07-20","within radius",20245,17854,11,2784076.5,0.663775563240051,0.664839911460877,21.2407760620117
"2024-07-21","within radius",20213,17926,11,2784963,0.663986921310425,0.665048837661743,21.2475814819336
"2024-07-22","within radius",20189,17867,11,2784503,0.663877248764038,0.664930200576782,21.2440643310547
"2024-07-23","within radius",20336,17996,11,2784560.5,0.663890957832336,0.664951086044312,21.2445106506348
"2024-07-24","within radius",20600,18469,11,2784760,0.663938522338867,0.664979934692383,21.2460250854492
"2024-07-25","within radius",20656,18239,11,2784556,0.66388988494873,0.664934730529785,21.2444763183594
"2024-07-26","within radius",20653,18293,11,2784226,0.663811206817627,0.664849758148193,21.2419586181641
"2024-07-27","within radius",20644,18423,11,2783826,0.663715839385986,0.66476035118103,21.2389068603516
"2024-07-28","within radius",20640,18356,11,2784528.5,0.663883328437805,0.664923191070557,21.2442588806152
"2024-07-29","within radius",20587,16275,11,2784967,0.663987874984741,0.665017986297607,21.2476119995117
"2024-07-30","within radius",16032,9353,11,2785555,0.664128065109253,0.665117168426514,21.2520980834961
"2024-07-31","within radius",12425,2141,11,2785820,0.664191246032715,0.665201902389526,21.2541198730469
"2024-08-01","within radius",20290,18032,11,2786540,0.664362907409668,0.665345168113708,21.2596092224121
"2024-08-02","within radius",20131,17949,11,2786714,0.664404392242432,0.665392827987671,21.2609100341797
"2024-08-03","within radius",20172,18216,11,2787395.5,0.664566874504089,0.665551066398621,21.2661399841309
"2024-08-04","within radius",20255,18030,11,2782363.5,0.66336715221405,0.664339780807495,21.2277488708496
"2024-08-05","within radius",20136,18153,11,2782737,0.663456201553345,0.664429140090942,21.230598449707
"2024-08-06","within radius",20341,18115,11,2742174,0.653785228729248,0.664197683334351,20.919319152832
"2024-08-07","within radius",20650,18023,11,2467941,0.588402986526489,0.589329433441162,18.8282089233398
"2024-08-08","within radius",20425,17880,11,2467897,0.588392496109009,0.589312839508057,18.8280944824219
"2024-08-09","within radius",20127,14780,11,2467828.5,0.58837616443634,0.589315414428711,18.827335357666
"2024-08-10","within radius",16327,12942,11,2467414.5,0.588277459144592,0.589176630973816,18.82421875
"2024-08-11","within radius",16581,14226,11,2467244.5,0.588236927986145,0.589184165000916,18.8229179382324
"2024-08-12","within radius",16498,14212,11,2467465.5,0.588289618492126,0.58923647403717,18.8244476318359
"2024-08-13","within radius",16669,7784,11,2467401,0.588274240493774,0.589224743843079,18.8238677978516
"2024-08-14","within radius",17341,6322,11,2467215,0.588229894638062,0.589203715324402,18.8226356506348
"2024-08-15","within radius",17496,8075,11,2466833,0.588138818740845,0.589193725585938,18.8190155029297
"2024-08-16","within radius",16998,6973,11,2466679,0.588102102279663,0.589155197143555,18.8185882568359
"2024-08-17","within radius",17247,7409,11,2467079,0.588197469711304,0.589174318313599,18.8215637207031
"2024-08-18","within radius",17232,7668,11,2467102,0.588202953338623,0.589236259460449,18.8213386535645
"2024-08-19","within radius",17112,7343,11,2467753,0.588358163833618,0.5893394947052,18.8266983032227
"2024-08-20","within radius",17108,7668,11,2468050.5,0.588429093360901,0.589420795440674,18.8292465209961
"2024-08-21","within radius",17077,7425,11,2468496,0.588535308837891,0.589534187316895,18.8325271606445
"2024-08-22","within radius",17086,6699,11,2468893,0.588629961013794,0.589634418487549,18.8354721069336
"2024-08-23","within radius",16807,6955,11,2467150,0.58821439743042,0.589235687255859,18.8222503662109
"2024-08-24","within radius",16618,3873,11,2466997,0.588177919387817,0.588993215560913,18.8210067749023
"2024-08-25","within radius",9708,3312,11,2465142,0.587735652923584,0.588527417182922,18.8064651489258
"2024-08-26","within radius",9313,3892,11,2464422.5,0.58756411075592,0.58838791847229,18.8003387451172
"2024-08-27","within radius",9590,2900,11,2463345.5,0.587307333946228,0.588247609138489,18.7915000915527
"2024-08-28","within radius",2915,2172,11,2463645.5,0.587378859519958,0.588208627700806,18.7943801879883
"2024-08-29","within radius",4401,3797,11,2460180,0.586552619934082,0.587619972229004,18.7670059204102
"2024-08-30","within radius",4569,3878,11,2459237,0.586327791213989,0.587398838996887,18.7594909667969
"2024-08-31","within radius",5959,4619,11,2458303,0.586105108261108,0.58731107711792,18.7448806762695
"2024-09-01","within radius",6246,4647,11,2457884,0.586005210876465,0.587161540985107,18.7432861328125
"2024-09-02","within radius",6612,5077,11,2457628,0.585944175720215,0.58713846206665,18.7398681640625
"2024-09-03","within radius",7640,5822,11,2457158.5,0.585832238197327,0.587133979797363,18.7361030578613
"2024-09-04","within radius",9756,7527,11,2457351,0.585878133773804,0.586985445022583,18.7409973144531
"2024-09-05","within radius",11532,8763,11,2456690,0.585720539093018,0.58673620223999,18.7375793457031
"2024-09-06","within radius",12229,8704,11,2456151,0.585592031478882,0.586536979675293,18.7341384887695
"2024-09-07","within radius",13560,10413,11,2454745,0.585256814956665,0.586113214492798,18.7263565063477
"2024-09-08","within radius",13819,9944,11,2453893,0.58505368232727,0.585901141166687,18.7201499938965
"2024-09-09","within radius",13820,10092,11,2453569.5,0.584976553916931,0.585836887359619,18.7174110412598
"2024-09-10","within radius",14058,10521,11,2452135,0.58463454246521,0.585482835769653,18.7066192626953
"2024-09-11","within radius",12910,10691,11,2451244,0.58442211151123,0.585272550582886,18.6996917724609
"2024-09-12","within radius",13246,11511,11,2450819,0.584320783615112,0.585172653198242,18.6963272094727
"2024-09-13","within radius",12939,3637,11,2449840,0.584087371826172,0.584909200668335,18.6897506713867
"2024-09-14","within radius",7530,6351,11,2449734,0.584062099456787,0.584884166717529,18.6887054443359
"2024-09-15","within radius",11643,9968,11,2449449,0.583994150161743,0.584773540496826,18.6864852905273
"2024-09-16","within radius",12780,10973,11,2449345,0.583969354629517,0.584759473800659,18.6851501464844
"2024-09-17","within radius",14032,12177,11,2449611,0.584032773971558,0.584827899932861,18.6875305175781
"2024-09-18","within radius",14203,12451,11,2456866,0.58576250076294,0.586580753326416,18.742790222168
"2024-09-19","within radius",14913,12455,11,2464953,0.587690591812134,0.588524055480957,18.8048782348633
"2024-09-20","within radius",14948,12308,11,2470311,0.58896803855896,0.589815926551819,18.8454666137695
"2024-09-21","within radius",14768,11886,11,2476353.5,0.590408682823181,0.591216564178467,18.8917388916016
"2024-09-22","within radius",14805,12063,11,2481392,0.591609954833984,0.592432022094727,18.9300994873047
"2024-09-23","within radius",14825,11897,11,2486153,0.592745065689087,0.593554353713989,18.9665069580078
"2024-09-24","within radius",14767,12012,11,2490919,0.593881368637085,0.594704794883728,19.0029678344727
"2024-09-25","within radius",14841,11975,11,2491206,0.593949794769287,0.594759845733643,19.0051727294922
"2024-09-26","within radius",14706,11960,11,2496788,0.595280647277832,0.59609317779541,19.047550201416
"2024-09-27","within radius",14762,11970,11,2504491,0.597117185592651,0.597939372062683,19.1065559387207
"2024-09-28","within radius",14905,12107,11,2510386,0.598522663116455,0.599351358413696,19.1516952514648
"2024-09-29","within radius",14339,11282,11,2517341.5,0.600180983543396,0.601013374328613,19.2048149108887
"2024-09-30","within radius",14052,11414,11,2524957.5,0.601996779441833,0.602835512161255,19.2628936767578
"2024-10-01","within radius",13893,11334,11,2532454,0.603784084320068,0.6046302318573,19.320198059082
"2024-10-02","within radius",13614,10825,11,2541563,0.605955839157104,0.606787824630737,19.3896408081055
"2024-10-03","within radius",13844,11654,11,2554374.5,0.609010338783264,0.609865188598633,19.4878768920898
"2024-10-04","within radius",13881,11820,11,2560766,0.610534191131592,0.611398768424988,19.53662109375
"2024-10-05","within radius",14226,12366,11,2569213,0.612548112869263,0.613399982452393,19.6011009216309
"2024-10-06","within radius",14224,12404,11,2344241.5,0.558910727500916,0.559641599655151,17.884521484375
"2024-10-07","within radius",14229,10866,10,3378404,0.805474281311035,0.996156930923462,12.9615077972412
"2024-10-08","within radius",13971,10773,10,4182004,0.997067451477051,0.998535633087158,15.954345703125
"2024-10-09","within radius",13399,11650,11,2101824,0.501113891601562,0.9992995262146,16.0183601379395
"2024-10-10","within radius",14391,12230,11,2101383.5,0.501008868217468,0.999093532562256,16.0195617675781
"2024-10-11","within radius",14245,12440,11,2101388,0.501009941101074,0.999120235443115,16.0193023681641
"2024-10-12","within radius",14114,12389,11,2101539,0.501045942306519,0.999151229858398,16.0213165283203
"2024-10-13","within radius",14062,12289,11,2103988,0.501629829406738,0.502599096298218,16.0472183227539
"2024-10-14","within radius",14112,12364,11,2108599,0.502729177474976,0.503606009483337,16.0828895568848
"2024-10-15","within radius",14251,11952,11,2113267.5,0.503842234611511,0.504725861549377,16.1186370849609
"2024-10-16","within radius",13679,11934,11,2114946,0.504242420196533,0.505119800567627,16.1312103271484
"2024-10-17","within radius",13713,12043,11,2115698,0.504421710968018,0.505289793014526,16.1371307373047
"2024-10-18","within radius",13765,11921,11,2115858,0.504459857940674,0.505328416824341,16.1383056640625
"2024-10-19","within radius",13504,11694,11,2116203.5,0.504542231559753,0.505413055419922,16.1408920288086
"2024-10-20","within radius",13145,11582,11,2116499,0.504612684249878,0.505488157272339,16.143180847168
"2024-10-21","within radius",13145,11586,11,2115807,0.50444769859314,0.505315184593201,16.1383934020996
"2024-10-22","within radius",13238,11678,11,2121932,0.505908012390137,0.506778073310852,16.1848793029785
"2024-10-23","within radius",13214,11683,11,2126027,0.506884336471558,0.507749605178833,16.2163543701172
"2024-10-24","within radius",13236,11834,11,2128465,0.507465600967407,0.508361268043518,16.234691619873
"2024-10-25","within radius",13236,12030,11,2130693,0.507996797561646,0.508866310119629,16.2515106201172
"2024-10-26","within radius",13259,11938,11,2136463.5,0.509372591972351,0.510264468193054,16.2958679199219
"2024-10-27","within radius",13016,11754,11,2142283.5,0.510760188102722,0.511633586883545,16.3404846191406
"2024-10-28","within radius",12943,11684,11,2149478.5,0.512475609779358,0.513340091705322,16.3950462341309
"2024-10-29","within radius",13307,12157,11,2156745,0.514208078384399,0.515111064910889,16.4505920410156
"2024-10-30","within radius",13366,12284,11,2163547.5,0.515829920768738,0.51673595905304,16.5026245117188
"2024-10-31","within radius",13483,12385,11,2171901,0.517821550369263,0.518703842163086,16.5662231445312
"2024-11-01","within radius",13530,12163,11,2180719,0.51992392539978,0.520794630050659,16.6338119506836
"2024-11-02","within radius",13389,12256,11,2189833,0.522096872329712,0.522955417633057,16.7037467956543
"2024-11-03","within radius",13462,11712,11,2195159.5,0.523366808891296,0.524234938621521,16.7441902160645
"2024-11-04","within radius",13224,12008,11,2202633.5,0.525148749351501,0.52599937915802,16.801342010498
"2024-11-05","within radius",13173,11849,11,2209830,0.526864528656006,0.527710199356079,16.85595703125
"2024-11-06","within radius",13235,11742,11,2216074.5,0.528353333473206,0.52921576499939,16.9041519165039
"2024-11-07","within radius",13120,11820,11,2223299,0.530075788497925,0.53091766834259,16.9590606689453
"2024-11-08","within radius",13124,11092,11,2232777.5,0.532335638999939,0.53320620059967,17.031810760498
"2024-11-09","within radius",13283,11846,11,2238047,0.533591985702515,0.534427642822266,17.0719375610352
"2024-11-10","within radius",13225,11725,11,2246458,0.535597324371338,0.536414575576782,17.1365585327148
"2024-11-11","within radius",13216,11912,11,2254995,0.537632703781128,0.538453102111816,17.2015686035156
"2024-11-12","within radius",13312,12037,11,2261976,0.539297103881836,0.540082216262817,17.2551956176758
"2024-11-13","within radius",13423,12101,11,2266514,0.540379047393799,0.541161775588989,17.2895660400391
"2024-11-14","within radius",13480,12070,11,2270043.5,0.541220545768738,0.54201557636261,17.3165893554688
"2024-11-15","within radius",13492,12197,11,2274635,0.542315244674683,0.543116617202759,17.3515090942383
"2024-11-16","within radius",13519,12171,11,2282133,0.544102907180786,0.544877767562866,17.409065246582
"2024-11-17","within radius",13533,12198,11,2287501,0.545382738113403,0.546161246299744,17.4498748779297
"2024-11-18","within radius",13532,12336,11,2290643.5,0.54613196849823,0.546906590461731,17.4740715026855
"2024-11-19","within radius",13530,12226,11,2291898,0.546431064605713,0.54721474647522,17.4834823608398
"2024-11-20","within radius",13530,12294,11,2291945,0.546442270278931,0.547255206108093,17.4839363098145
"2024-11-21","within radius",13530,12467,11,2292469,0.54656720161438,0.547351741790772,17.4877471923828
"2024-11-22","within radius",13529,12397,11,2248253,0.536025285720825,0.547082757949829,17.1500625610352
"2024-11-23","within radius",13528,12524,11,2249581,0.536341905593872,0.53710310459137,17.1607208251953
"2024-11-24","within radius",13520,12222,11,2252244,0.53697681427002,0.537732362747192,17.1809501647949
"2024-11-25","within radius",12954,11895,11,2254178,0.537437915802002,0.538187503814697,17.1958160400391
"2024-11-26","within radius",13535,12298,11,2257848,0.538312911987305,0.539096117019653,17.2239761352539
"2024-11-27","within radius",13540,12457,11,2261216,0.539115905761719,0.539882612228394,17.2494430541992
"2024-11-28","within radius",13487,12427,11,2262540,0.539431571960449,0.540200471878052,17.259521484375
"2024-11-29","within radius",13527,12524,11,2264008.5,0.53978168964386,0.540558338165283,17.2708320617676
"2024-11-30","within radius",13576,12470,11,2265079,0.540036916732788,0.540807509422302,17.2787170410156
2024-12-01,"within radius",13429,12176,11,2267347,0.54057765007019,0.541332483291626,17.2960433959961
2024-12-02,"within radius",13383,12280,11,2268569,0.540868997573853,0.541629099845886,17.3053207397461
2024-12-03,"within radius",13530,12329,11,2267886,0.540706157684326,0.541477918624878,17.3000183105469
2024-12-04,"within radius",13506,12367,11,2270221,0.541262865066528,0.542020130157471,17.3179244995117
2024-12-05,"within radius",14368,7615,11,2270312,0.54120135307312,0.541919040679932,17.3162307739258
2024-12-06,"within radius",11190,10347,11,2269476,0.540992498397827,0.541750764846802,17.3096084594727
2024-12-07,"within radius",11339,10513,11,2253589,0.537208557128906,0.537948608398438,17.1885604858398
2024-12-08,"within radius",11663,10894,11,2255208,0.537604808807373,0.538481950759888,17.2011451721191
2024-12-09,"within radius",13374,11990,11,2260003.5,0.538749575614929,0.539480543136597,17.2377624511719
2024-12-10,"within radius",13297,11893,11,2262481,0.539342164993286,0.540066909790039,17.256477355957
2024-12-11,"within radius",13067,11739,11,2250614,0.536516666412354,0.537253332138062,17.1664199829102
2024-12-12,"within radius",12982,11670,11,2253003.5,0.537078857421875,0.537817239761353,17.1846656799316
2024-12-13,"within radius",12802,11590,11,2254559,0.537456333637238,0.538240694999695,17.1966209411621
2024-12-14,"within radius",12542,11385,11,2256135,0.537828683853149,0.538612365722656,17.2085647583008
2024-12-15,"within radius",12391,11099,11,2256411,0.53790020942688,0.538683271408081,17.2108154296875
2024-12-16,"within radius",12402,11204,11,2256835,0.538000285625458,0.538782835006714,17.2141265869141
2024-12-17,"within radius",12401,11245,11,2257243,0.538100242614746,0.538883829116821,17.2172241210938
2024-12-18,"within radius",12338,11273,11,2257093,0.538061857223511,0.538851022720337,17.2159576416016
2024-12-19,"within radius",12336,11160,11,2257418.5,0.538135528564453,0.538924705982208,17.2182388305664
2024-12-20,"within radius",12325,11074,11,2257812,0.538233637809753,0.539014983177185,17.2213668823242
2024-12-21,"within radius",12328,11102,11,2256874,0.538010239601135,0.538804054260254,17.2140884399414
2024-12-22,"within radius",12261,11083,11,2253716,0.537256479263306,0.538042688369751,17.1900634765625
2024-12-23,"within radius",12261,11245,11,2254017,0.537322521209717,0.538108110427856,17.1923141479492
2024-12-24,"within radius",12211,11161,11,2253528,0.537203073501587,0.537997722625732,17.1883926391602
2024-12-25,"within radius",12223,11108,11,2253514.5,0.537201404571533,0.53799307346344,17.1884689331055
2024-12-26,"within radius",12228,11036,11,2253643.5,0.537232279777527,0.538022518157959,17.1894340515137
2024-12-27,"within radius",12236,11086,11,2253732,0.537253499031067,0.538050293922424,17.1900100708008
2024-12-28,"within radius",12231,11135,11,2254582,0.537448644638062,0.538251781463623,17.1963043212891
2024-12-29,"within radius",12271,11187,11,2256964,0.538024187088013,0.53882532119751,17.214729309082
2024-12-30,"within radius",12284,11119,11,2257470,0.538144588470459,0.538950777053833,17.218505859375
2024-12-31,"within radius",12281,10992,11,2257194,0.538077533245087,0.538877725601196,17.216423034668
2025-01-01,"within radius",12225,11121,11,2257056,0.538045406341553,0.538847208023071,17.2153091430664
2025-01-02,"within radius",12273,11096,11,2256848,0.53799843788147,0.538791298866272,17.2139282226562
2025-01-03,"within radius",12285,10385,11,2256621,0.537928342819214,0.538723516464233,17.2117767333984
2025-01-04,"within radius",12072,10484,11,2256353,0.537859797477722,0.538667607307434,17.2096633911133
2025-01-05,"within radius",11974,10476,11,2256164.5,0.537817478179932,0.538623332977295,17.2082366943359
2025-01-06,"within radius",11974,10501,11,2256007,0.537784814834595,0.538583755493164,17.2070693969727
2025-01-07,"within radius",11971,10498,11,2256039,0.537781834602356,0.538590097427368,17.206844329834
2025-01-08,"within radius",11759,10374,11,2256035,0.537782669067383,0.538593626022339,17.2070083618164
2025-01-09,"within radius",11753,10441,11,2255992,0.537775039672852,0.538591146469116,17.2067718505859
2025-01-10,"within radius",11754,10400,11,2256160,0.53781521320343,0.538621068000793,17.2081108093262
2025-01-11,"within radius",11766,10367,11,2256141,0.53781533241272,0.538619899749756,17.2078094482422
2025-01-12,"within radius",11760,10270,11,2252703,0.536992073059082,0.537800335884094,17.1815185546875
2025-01-13,"within radius",11741,10293,11,2252773,0.537006855010986,0.537814235687256,17.1819686889648
2025-01-14,"within radius",11743,10213,11,2203645,0.525289058685303,0.526132583618164,16.8074035644531
2025-01-15,"within radius",11619,10268,11,2203717,0.525310397148132,0.526110863685608,16.8080139160156
2025-01-16,"within radius",11637,9972,11,2203962,0.525367617607117,0.526171684265137,16.8097820281982
2025-01-17,"within radius",11417,10080,11,2204670,0.525539636611938,0.526353693008423,16.8151969909668
2025-01-18,"within radius",11423,10066,11,2205364.5,0.525701642036438,0.526517271995544,16.8203392028809
2025-01-19,"within radius",11422,10160,11,2206116,0.525886058807373,0.526702260971069,16.826171875
2025-01-20,"within radius",11420,10027,11,2206788,0.526047229766846,0.526871061325073,16.831298828125
2025-01-21,"within radius",11257,9972,11,2208053,0.526342153549194,0.527157950401306,16.8408241271973
2025-01-22,"within radius",11258,10152,11,2209761,0.526751756668091,0.527570605278015,16.854133605957
2025-01-23,"within radius",11272,9988,11,2211489.5,0.527162909507751,0.527988266944885,16.8672065734863
2025-01-24,"within radius",11269,9908,11,2212917,0.527502775192261,0.528332924842834,16.8779697418213
2025-01-25,"within radius",11279,9993,11,2216155,0.528280019760132,0.529095840454102,16.9028549194336
2025-01-26,"within radius",11269,7448,11,2219857,0.529140949249268,0.529975771903992,16.9303855895996
2025-01-27,"within radius",11268,9906,11,2223721,0.530077815055847,0.530896663665771,16.9605293273926
2025-01-28,"within radius",11271,9976,11,2226835,0.530816078186035,0.531636953353882,16.9841728210449
2025-01-29,"within radius",11272,9980,11,2231232,0.531869888305664,0.53268084526062,17.0179748535156
2025-01-30,"within radius",11321,9993,11,2234412,0.532623767852783,0.533434581756592,17.042121887207
2025-01-31,"within radius",11319,10011,11,2238684,0.533643484115601,0.534462213516235,17.0747528076172
2025-02-01,"within radius",11323,9997,11,2243663,0.534817695617676,0.535643100738525,17.1122894287109
2025-02-02,"within radius",11320,10029,11,2245483,0.535255193710327,0.536068725585938,17.1263122558594
2025-02-03,"within radius",11319,9904,11,2245498,0.535250782966614,0.536071538925171,17.1264228820801
2025-02-04,"within radius",11325,9908,11,2245446,0.535233974456787,0.53606231212616,17.1258201599121
2025-02-05,"within radius",11318,10052,11,2245629.5,0.535278558731079,0.536101317405701,17.1273384094238
2025-02-06,"within radius",11320,10097,11,2241716,0.534355998039246,0.535209894180298,17.0972671508789
2025-02-07,"within radius",11301,10003,11,2240677,0.53410792350769,0.534977436065674,17.0894165039062
2025-02-08,"within radius",11235,10013,11,2240180,0.533989191055298,0.534824848175049,17.0858840942383
2025-02-09,"within radius",11294,9918,11,2240165,0.533978819847107,0.534838032722473,17.0855941772461
2025-02-10,"within radius",11244,10013,11,2234731,0.532683372497559,0.533546924591064,17.0441131591797
2025-02-11,"within radius",11221,9845,11,2235038,0.532758712768555,0.533617544174194,17.0464324951172
2025-02-12,"within radius",11902,10129,11,2233680,0.532437324523926,0.533293581008911,17.0361938476562
2025-02-13,"within radius",12548,11090,11,2230060,0.531586825847626,0.532497668266296,17.008918762207
2025-02-14,"within radius",12126,9714,11,2230736,0.531737685203552,0.532565855979919,17.0138473510742
2025-02-15,"within radius",12232,10347,11,2233887,0.53250789642334,0.533287286758423,17.0386199951172
2025-02-16,"within radius",12284,9979,11,2232621,0.532196521759033,0.532987499237061,17.0286026000977
2025-02-17,"within radius",12261,10427,11,2231712,0.531987071037292,0.532780981063843,17.021858215332
2025-02-18,"within radius",12628,10761,11,2229360,0.531429767608643,0.532212257385254,17.0039520263672
2025-02-19,"within radius",12524,10738,11,2228435.5,0.531199812889099,0.531999897956848,16.9968032836914
2025-02-20,"within radius",12389,10732,11,2226208.5,0.530676007270813,0.531462645530701,16.9800567626953
2025-02-21,"within radius",12541,10884,11,2224270,0.530215740203857,0.531091380119324,16.9650573730469
2025-02-22,"within radius",12995,11116,11,2222371,0.529756546020508,0.531070947647095,16.950122833252
2025-02-23,"within radius",12879,10920,11,2221694.5,0.52959144115448,0.530799841880798,16.9449005126953
2025-02-24,"within radius",12875,10998,11,2222035,0.529672861099243,0.530966138839722,16.9473876953125
2025-02-25,"within radius",12692,11043,11,2221638,0.529582500457764,0.53089427947998,16.9444961547852
2025-02-26,"within radius",12549,11003,11,2220919,0.529407024383545,0.530605936050415,16.9389457702637
2025-02-27,"within radius",12687,9136,11,2221894.5,0.529620051383972,0.530807495117188,16.9459457397461
2025-02-28,"within radius",12754,7150,11,2222464,0.52972000837326,0.53086576461792,16.9492301940918
2025-03-01,"within radius",12762,8451,11,2220949,0.529371976852417,0.530733585357666,16.9378967285156
2025-03-02,"within radius",9447,8164,11,2221773,0.529559135437012,0.531042718887329,16.9437484741211
2025-03-03,"within radius",9471,7430,11,2221989,0.529607534408569,0.531072878837585,16.9451026916504
2025-03-04,"within radius",9474,8167,11,2221627,0.529533624649048,0.531045293807983,16.9429550170898
2025-03-05,"within radius",9517,7603,11,2221213,0.529430627822876,0.530988454818726,16.9396057128906
2025-03-06,"within radius",9509,7379,11,2221709,0.529536485671997,0.531048917770386,16.9430923461914
2025-03-07,"within radius",9484,7610,11,2221351,0.529466390609741,0.530818796157837,16.940938949585
2025-03-08,"within radius",9492,8258,11,2221285.5,0.529451072216034,0.530871391296387,16.940299987793
2025-03-09,"within radius",9486,7699,11,2221955,0.529603242874146,0.531029748916626,16.9453125
2025-03-10,"within radius",9544,7670,11,2221634,0.529526472091675,0.531065797805786,16.9423732757568
2025-03-11,"within radius",9704,7707,11,2221635,0.529528141021729,0.531001949310303,16.9427642822266
2025-03-12,"within radius",10415,8482,11,2221460.5,0.529500246047974,0.530876672267914,16.9421615600586
2025-03-13,"within radius",11168,5661,10,3603021,0.858848571777344,0.860847473144531,13.7420883178711
2025-03-14,"within radius",8498,5536,10,3604847.5,0.859219193458557,0.860848665237427,13.7473382949829
2025-03-15,"within radius",7461,6751,10,3601297,0.858402252197266,0.859984159469604,13.7344303131104
2025-03-16,"within radius",7511,6549,10,3598927,0.857802629470825,0.859411072731018,13.7248497009277
2025-03-17,"within radius",7498,5428,10,3596396,0.857110261917114,0.858797073364258,13.7137641906738
2025-03-18,"within radius",7536,3556,10,3597973.5,0.857248187065125,0.858889222145081,13.716010093689
2025-03-19,"within radius",6184,2333,10,3598215,0.857245922088623,0.85910964012146,13.715934753418
2025-03-20,"within radius",6006,1510,10,3598872,0.85739678144455,0.859014320373535,13.7183485031128
2025-03-21,"within radius",6122,3415,10,3598899,0.857417583465576,0.859057712554932,13.7186813354492
2025-03-22,"within radius",6253,3215,10,3592572,0.85590136051178,0.857568407058716,13.6944217681885
2025-03-23,"within radius",6156,3134,10,3588006.5,0.854832649230957,0.856484532356262,13.6773223876953
2025-03-24,"within radius",6114,2990,10,3581140,0.853175640106201,0.854854273796081,13.6508102416992
2025-03-25,"within radius",7476,3821,10,3579777,0.853057026863098,0.854695558547974,13.6489448547363
2025-03-26,"within radius",7911,4324,10,3578230,0.852738916873932,0.854368209838867,13.6439247131348
2025-03-27,"within radius",8312,4407,10,3578675,0.852883577346802,0.854460334777832,13.6462783813477
2025-03-28,"within radius",8284,4339,10,3577853,0.852691650390625,0.854269170761108,13.6433162689209
2025-03-29,"within radius",8295,4239,10,3576696,0.852437973022461,0.853986740112305,13.63916015625
2025-03-30,"within radius",8306,4129,10,3575827,0.852240562438965,0.853924512863159,13.6360626220703
2025-03-31,"within radius",8315,3961,10,3575045,0.852056264877319,0.853647232055664,13.6331367492676
2025-04-01,"within radius",8320,4265,10,3575977,0.852273106575012,0.853818941116333,13.6366653442383
2025-04-02,"within radius",8326,4261,10,3576996,0.852502584457397,0.854142189025879,13.6404113769531
2025-04-03,"within radius",8327,3817,10,3579152,0.853005886077881,0.854564332962036,13.6483459472656
2025-04-04,"within radius",8343,3700,10,3575402.5,0.852059841156006,0.853741526603699,13.6331558227539
2025-04-05,"within radius",8348,5155,10,3574989,0.852025032043457,0.853624296188355,13.6327362060547
2025-04-06,"within radius",8337,5079,10,3574560,0.85192084312439,0.85347900390625,13.6310272216797
2025-04-07,"within radius",8329,5144,10,3573040,0.851555824279785,0.853126215934753,13.62522315979
2025-04-08,"within radius",8351,4959,10,3574491,0.851909637451172,0.853455877304077,13.6308860778809
2025-04-09,"within radius",8349,5032,10,3576037,0.852282762527466,0.853862810134888,13.6368131637573
2025-04-10,"within radius",8335,4870,10,3578130.5,0.85279780626297,0.854382848739624,13.6450424194336
2025-04-11,"within radius",8323,5052,10,3581652,0.853618025779724,0.855164456367493,13.658317565918
2025-04-12,"within radius",8334,5014,10,3586100,0.854668736457825,0.85623791217804,13.6750564575195
2025-04-13,"within radius",8339,4877,10,3589485,0.855475902557373,0.857090663909912,13.6880226135254
2025-04-14,"within radius",8334,4934,10,3593118,0.856342196464539,0.857937693595886,13.7016859054565
2025-04-15,"within radius",8463,4859,10,3594739,0.856677055358887,0.860347318649292,13.707347869873
2025-04-16,"within radius",8334,4681,10,3589667,0.855448484420776,0.859152674674988,13.6875991821289
2025-04-17,"within radius",8295,4713,10,3588475,0.855201244354248,0.858865165710449,13.6839294433594
2025-04-18,"within radius",10011,3645,10,3591837,0.856014728546143,0.859643840789795,13.6968460083008
2025-04-19,"within radius",9811,4230,10,3595423,0.856795787811279,0.860517072677612,13.7089824676514
2025-04-20,"within radius",9806,4326,10,3596661.5,0.857210218906403,0.860961556434631,13.7155475616455
2025-04-21,"within radius",9424,4132,10,3602887,0.858945965766907,0.862622833251953,13.7433815002441
2025-04-22,"within radius",9349,4738,10,3601635,0.858693361282349,0.862313580513,13.7392139434814
2025-04-23,"within radius",9487,5090,10,3599683.5,0.858224511146545,0.861883926391601,13.7317543029785
2025-04-24,"within radius",10171,5043,10,3598125,0.857858180999756,0.861527061462402,13.7258262634277
2025-04-25,"within radius",8726,5223,10,3597650,0.857740163803101,0.861384391784668,13.7239990234375
2025-04-26,"within radius",8595,5249,10,3595438,0.857216358184814,0.860869359970093,13.7156524658203
2025-04-27,"within radius",8486,5281,10,3593455,0.856741428375244,0.860370635986328,13.7080612182617
2025-04-28,"within radius",8421,5442,10,3589593.5,0.85582160949707,0.859464883804321,13.693302154541
2025-04-29,"within radius",8416,5718,10,3589698,0.855847597122192,0.859485912322998,13.6936779022217
2025-04-30,"within radius",8184,6291,10,3585412,0.854825973510742,0.858464956283569,13.6773223876953
2025-05-01,"within radius",8078,2164,10,3577724,0.852993488311768,0.856680393218994,13.6479339599609
2025-05-02,"within radius",8014,3100,10,3570556,0.851284027099609,0.85490894317627,13.6207180023193
2025-05-03,"within radius",7982,6235,10,3571079,0.851404905319214,0.855072021484375,13.6226196289062
2025-05-04,"within radius",7968,6379,10,3571341,0.85146689414978,0.855130672454834,13.6236839294434
2025-05-05,"within radius",7937,6411,10,3571587,0.851529359817505,0.855195999145508,13.6245803833008
2025-05-06,"within radius",7941,5536,10,3571409.5,0.851487874984741,0.855171203613281,13.6239337921143
2025-05-07,"within radius",7927,6343,10,3571741,0.85156512260437,0.85523567199707,13.6252517700195
2025-05-08,"within radius",8021,6449,10,3572412,0.851725101470947,0.855398178100586,13.6277008056641
2025-05-09,"within radius",8173,6291,10,3573157,0.851905107498169,0.855553388595581,13.6305885314941
2025-05-10,"within radius",8184,6733,10,3573008,0.851862907409668,0.855494165420532,13.6299934387207
2025-05-11,"within radius",8153,6764,10,3571788.5,0.8515784740448,0.855217862129211,13.6253299713135
2025-05-12,"within radius",8104,6652,10,3571736,0.851565480232239,0.855203866958618,13.6251335144043
2025-05-13,"within radius",8152,6792,10,3571662,0.851547718048096,0.855175733566284,13.6248664855957
2025-05-14,"within radius",8209,6826,10,3570626,0.851300239562988,0.85493278503418,13.620885848999
2025-05-15,"within radius",8369,6883,10,3570917,0.85137152671814,0.855025720596313,13.6220664978027
2025-05-16,"within radius",8352,6796,10,3569892.5,0.851125240325928,0.854780912399292,13.618106842041
2025-05-17,"within radius",7969,6748,10,3570340.5,0.851231694221497,0.85488030910492,13.6198463439941
2025-05-18,"within radius",7855,6322,10,3569968,0.851142764091492,0.854800248146057,13.6184177398682
2025-05-19,"within radius",7755,6651,10,3569985,0.851148843765259,0.854795694351196,13.6184577941895
2025-05-20,"within radius",7746,6669,10,3569693,0.851077795028687,0.8547354221344,13.6173248291016
2025-05-21,"within radius",7721,6551,10,3569841,0.85111403465271,0.854759931564331,13.6179237365723
2025-05-22,"within radius",7689,6615,10,3572561,0.851757764816284,0.855404472351074,13.6283187866211
2025-05-23,"within radius",7638,6589,10,3573761,0.852046489715576,0.855694961547852,13.6328353881836
2025-05-24,"within radius",7493,6547,10,3576453,0.852685451507568,0.856331825256348,13.6431617736816
2025-05-25,"within radius",6193,4082,10,3577285,0.852882981300354,0.856504440307617,13.6461277008057
2025-05-26,"within radius",7235,6275,10,3570995,0.851388931274414,0.855021953582764,13.6223182678223
2025-05-27,"within radius",7494,6436,10,3571255,0.851449966430664,0.855103015899658,13.6233921051025
2025-05-28,"within radius",7552,5909,10,3571458,0.851497411727905,0.855156421661377,13.6241455078125
2025-05-29,"within radius",7569,6673,10,3571593,0.85153079032898,0.855173540115356,13.6247138977051
2025-05-30,"within radius",8002,6776,10,3571535,0.851517081260681,0.855164289474487,13.6245574951172
2025-05-31,"within radius",8060,6828,10,3571796.5,0.851579308509827,0.855247402191162,13.6254768371582
2025-06-01,"within radius",7909,6665,10,3571247,0.851446390151978,0.855091619491577,13.6235771179199
2025-06-02,"within radius",7795,6772,10,3571645.5,0.851542949676514,0.855184054374695,13.6249561309814
2025-06-03,"within radius",7785,6718,10,3570826.5,0.851348638534546,0.854990792274475,13.6217803955078
2025-06-04,"within radius",7743,6651,10,3570399,0.851240396499634,0.854883670806885,13.620189666748
2025-06-05,"within radius",7788,6746,10,3570122,0.851177096366882,0.854834318161011,13.6190967559814
2025-06-06,"within radius",7737,6726,10,3569818,0.85110354423523,0.8547443151474,13.6179637908936
2025-06-07,"within radius",7634,6684,10,3569737,0.851088762283325,0.85473427772522,13.6175937652588
2025-06-08,"within radius",7671,6680,10,3569895.5,0.851126074790955,0.854776883125305,13.6182880401611
2025-06-09,"within radius",7573,6656,10,3570442.5,0.851256370544434,0.854903221130371,13.6203689575195
2025-06-10,"within radius",7655,6491,10,3573930,0.852087259292603,0.855733871459961,13.6336479187012
2025-06-11,"within radius",7839,6375,10,3576655,0.85273289680481,0.856381177902222,13.6441345214844
2025-06-12,"within radius",8013,6721,10,3580702,0.853700637817383,0.85742449760437,13.659595489502
2025-06-13,"within radius",8127,6743,10,3584592,0.854626417160034,0.858361434936523,13.674388885498
2025-06-14,"within radius",7936,6725,10,3587997,0.855440378189087,0.859185075759888,13.6873588562012
2025-06-15,"within radius",7916,6807,10,3589879,0.85589075088501,0.859653854370117,13.6945266723633
2025-06-16,"within radius",7842,6731,10,3591132,0.856189012527466,0.859948396682739,13.6992950439453
2025-06-17,"within radius",7836,6699,10,3593325,0.856710910797119,0.860460329055786,13.7076377868652
2025-06-18,"within radius",7769,6676,10,3596598,0.857491731643677,0.861221432685852,13.7200565338135
2025-06-19,"within radius",7718,6705,10,3599103,0.858090877532959,0.861808156967163,13.7296371459961
2025-06-20,"within radius",7914,6741,10,3601618,0.85868763923645,0.862414836883545,13.7392082214355
2025-06-21,"within radius",7812,6674,10,3604803,0.859446406364441,0.863188815116882,13.7514038085938
2025-06-22,"within radius",7787,6697,10,3609000,0.860449314117432,0.864209079742432,13.7674140930176
2025-06-23,"within radius",7765,6659,10,3610002,0.860689163208008,0.864449596405029,13.7712326049805
2025-06-24,"within radius",8037,4904,10,3611887,0.861138224601746,0.864896011352539,13.7786140441895
2025-06-25,"within radius",5993,4856,10,3614124,0.861668109893799,0.865417838096619,13.787052154541
2025-06-26,"within radius",5942,4786,10,3615988,0.862114906311035,0.865857481956482,13.7941131591797
2025-06-27,"within radius",6145,4881,10,3618103,0.86261773109436,0.866364002227783,13.8022422790527
2025-06-28,"within radius",6131,4198,10,3620124.5,0.863099455833435,0.866842579841614,13.8098983764648
2025-06-29,"within radius",5994,4802,10,3621693,0.86347484588623,0.867233037948608,13.8159141540527
2025-06-30,"within radius",5934,4796,10,3622809,0.863736629486084,0.867488861083984,13.8201904296875
2025-07-01,"within radius",6058,4822,10,3624113.5,0.864053964614868,0.86782066822052,13.8251190185547
2025-07-02,"within radius",6037,4865,10,3625546,0.864391088485718,0.86817479133606,13.8306159973145
2025-07-03,"within radius",8086,6868,10,3627891,0.864953279495239,0.868704915046692,13.8395347595215
2025-07-04,"within radius",7980,6800,10,3627957,0.864966869354248,0.868718814849853,13.8398056030273
2025-07-05,"within radius",7929,6794,10,3628649.5,0.865132927894592,0.868864154815674,13.8424396514893
2025-07-06,"within radius",7877,6772,10,3629587,0.865355134010315,0.869070720672607,13.8460693359375
2025-07-07,"within radius",7836,6727,10,3630857,0.865660190582275,0.869388151168823,13.8508415222168
2025-07-08,"within radius",7803,6749,10,3631985,0.865927934646606,0.869649028778076,13.8551063537598
2025-07-09,"within radius",7791,6731,10,3632316,0.866006135940552,0.869725942611694,13.8563461303711
2025-07-10,"within radius",7790,6716,10,3633644,0.866324186325073,0.870057225227356,13.8614711761475
2025-07-11,"within radius",7866,6721,10,3633653,0.866326570510864,0.870048522949219,13.8614692687988
2025-07-12,"within radius",7810,6707,10,3637659,0.867281198501587,0.87100944519043,13.8768310546875
2025-07-13,"within radius",7762,6705,10,3640292,0.867905139923096,0.871657133102417,13.8867721557617
2025-07-14,"within radius",7741,6655,10,3641750,0.868255138397217,0.87201099395752,13.8923110961914
2025-07-15,"within radius",7781,6722,10,3643670.5,0.868715405464172,0.87245557308197,13.8996925354004
2025-07-16,"within radius",7774,6709,10,3645659,0.869188547134399,0.872962427139282,13.9072685241699
2025-07-17,"within radius",7763,6749,10,3648823,0.869938611984253,0.87370810508728,13.9193840026855
2025-07-18,"within radius",7700,6683,10,3652499,0.870818614959717,0.87457537651062,13.9333877563477
2025-07-19,"within radius",7676,6700,10,3658658,0.872290253639221,0.876062440872192,13.956937789917
2025-07-20,"within radius",7657,6677,10,3662546,0.873211622238159,0.876970052719116,13.9717254638672
2025-07-21,"within radius",7704,6681,10,3663971,0.873552322387695,0.87730598449707,13.9771270751953
2025-07-22,"within radius",8531,6627,10,3665704,0.873965501785278,0.877745199203491,13.9836807250977
2025-07-23,"within radius",8447,4059,10,3666353,0.874084711074829,0.877881669998169,13.9853553771973
2025-07-24,"within radius",5369,4879,10,3667042,0.874126195907593,0.877934837341309,13.9860954284668
2025-07-25,"within radius",5476,5035,10,3667131,0.874075055122375,0.877909851074219,13.9852561950684
2025-07-26,"within radius",5499,4955,10,3667639,0.874203681945801,0.878046321868896,13.9873008728027
2025-07-27,"within radius",5407,4943,10,3668196,0.874334812164307,0.878191518783569,13.9894104003906
2025-07-28,"within radius",5939,5324,10,3672285.5,0.875172734260559,0.879425573348999,14.0028591156006
2025-07-29,"within radius",5965,5342,10,3672798,0.875302195549011,0.879423379898071,14.0049476623535
2025-07-30,"within radius",6460,5878,10,3678116,0.876618027687073,0.880509614944458,14.0259571075439
2025-07-31,"within radius",6971,6111,10,3681498,0.877496719360352,0.88128662109375,14.0399570465088
2025-08-01,"within radius",6941,6331,10,3681855,0.877566814422607,0.881400108337402,14.0411224365234
2025-08-02,"within radius",6904,6203,10,3678777,0.876835346221924,0.880664682388306,14.029411315918
2025-08-03,"within radius",6813,6220,10,3678212,0.876698732376099,0.880520272254944,14.0272464752197
2025-08-04,"within radius",6816,6228,10,3678637,0.876809597015381,0.880642914772034,14.0289916992188
2025-08-05,"within radius",6914,6445,10,3677642,0.876564502716064,0.880384159088135,14.0250663757324
2025-08-06,"within radius",6870,6372,10,3676846,0.876371741294861,0.88014771938324,14.0219783782959
2025-08-07,"within radius",6647,6223,10,3676417,0.876257181167603,0.880049228668213,14.020133972168
2025-08-08,"within radius",6757,5433,10,3676725,0.876490831375122,0.880274772644043,14.023868560791
2025-08-09,"within radius",6830,6117,10,3678806,0.87682294845581,0.880597877502441,14.0292167663574
2025-08-10,"within radius",6789,6081,10,3680755,0.877297163009644,0.88109278678894,14.0367660522461
2025-08-11,"within radius",6823,6067,10,3681076,0.877355098724365,0.881167364120483,14.0377197265625
2025-08-12,"within radius",6866,5349,10,3453809,0.823217868804932,0.827027797698975,13.1715507507324
2025-08-13,"within radius",6863,6100,10,3452800.5,0.822979688644409,0.826764345169067,13.1677112579346
2025-08-14,"within radius",6851,5360,10,3452881,0.823003768920898,0.826776313781738,13.1681022644043
2025-08-15,"within radius",6789,5160,10,3452507,0.822918951511383,0.826647353172302,13.1667728424072
2025-08-16,"within radius",6680,5423,10,3452588,0.822932481765747,0.826622772216797,13.1669311523438
2025-08-17,"within radius",6837,5444,10,3445109,0.821215867996216,0.824840593338013,13.1394805908203
2025-08-18,"within radius",6849,5117,10,3216237,0.766711235046387,0.818195629119873,12.2673950195312
2025-08-19,"within radius",6753,5209,10,3205178,0.764086246490479,0.766531562805176,12.2253952026367
2025-08-20,"within radius",6755,5914,10,3205676,0.764201402664185,0.766700315475464,12.227237701416
2025-08-21,"within radius",6764,5983,10,3205146,0.764071464538574,0.766561985015869,12.2251739501953
2025-08-22,"within radius",6815,5806,10,3202829,0.763501763343811,0.765968084335327,12.2160663604736
2025-08-23,"within radius",6653,5558,10,3201272,0.763145446777344,0.765625309944153,12.2103385925293
2025-08-24,"within radius",6551,6146,10,3203491,0.763671636581421,0.766147017478943,12.2187538146973
2025-08-25,"within radius",6702,5002,10,3205217,0.764077067375183,0.766552209854126,12.2252349853516
2025-08-26,"within radius",6639,5091,10,3205632,0.764193534851074,0.766648530960083,12.2271003723145
2025-08-27,"within radius",6694,5127,10,3204810,0.763995885848999,0.76645917892456,12.2239418029785
2025-08-28,"within radius",6701,6143,10,3204565,0.763931751251221,0.766404819488525,12.2229194641113
2025-08-29,"within radius",6712,5122,10,3204511.5,0.763905227184296,0.766415524482727,12.2224941253662
2025-08-30,"within radius",6663,4308,10,3204501.5,0.764000058174133,0.766494464874268,12.2240085601807
2025-08-31,"within radius",6628,5172,10,3204558.5,0.763931035995483,0.766422927379608,12.2229251861572
2025-09-01,"within radius",6606,5760,10,3204532.5,0.76392674446106,0.766402959823608,12.2228546142578
2025-09-02,"within radius",6674,5811,10,3204455,0.763899564743042,0.76636791229248,12.2224006652832
2025-09-03,"within radius",6628,5097,10,3205138,0.764055967330933,0.766531658172607,12.2248954772949
2025-09-04,"within radius",6751,5241,10,3205315,0.76410698890686,0.766580104827881,12.2257232666016
2025-09-05,"within radius",6715,5181,10,3205459,0.764145851135254,0.766617774963379,12.2263374328613
2025-09-06,"within radius",6754,5620,10,3205496,0.764155030250549,0.766644811630249,12.2265167236328
2025-09-07,"within radius",6679,5229,10,3205894,0.76425313949585,0.766711282730103,12.2280578613281
2025-09-08,"within radius",6684,6284,10,3205722,0.764196157455444,0.766679978370666,12.2271575927734
2025-09-09,"within radius",6707,5092,10,3205926.5,0.764251708984375,0.766714549064636,12.2280464172363
2025-09-10,"within radius",6779,5768,10,3207012,0.764496803283691,0.76697244644165,12.232027053833
2025-09-11,"within radius",6621,5028,10,3206533,0.764390587806702,0.76686270236969,12.2302627563477
2025-09-12,"within radius",6686,5697,10,3208019,0.764746189117432,0.767200565338135,12.235954284668
2025-09-13,"within radius",6692,4315,10,3209634,0.765194654464722,0.767668867111206,12.2431297302246
2025-09-14,"within radius",6838,5087,10,3211787,0.765627145767212,0.768068695068359,12.2500381469727
2025-09-15,"within radius",6741,6107,10,3214866,0.766384840011597,0.768833303451538,12.2621746063232
2025-09-16,"within radius",6638,5095,10,3216842,0.766861438751221,0.769311904907227,12.2697906494141
2025-09-17,"within radius",6831,6257,10,3220775,0.767768859863281,0.770219326019287,12.2843132019043
2025-09-18,"within radius",6737,5267,10,3231446,0.770310640335083,0.772771453857422,12.3249778747559
2025-09-19,"within radius",6789,6111,10,3234827,0.771121025085449,0.773606777191162,12.3379402160645
2025-09-20,"within radius",6813,5554,10,3237515,0.771766781806946,0.774248838424683,12.3482971191406
2025-09-21,"within radius",6798,6230,10,3240503,0.772483646869659,0.774979090690613,12.3597888946533
2025-09-22,"within radius",6749,5261,10,3243490,0.773192882537842,0.775705218315125,12.371150970459
2025-09-23,"within radius",7070,6138,10,3244654,0.773463308811188,0.775984835624695,12.3754539489746
2025-09-24,"within radius",7042,5440,10,3244031.5,0.773326516151428,0.775878977775574,12.3732461929321
2025-09-25,"within radius",6906,6017,10,3242861,0.773046612739563,0.775593376159668,12.3687801361084
2025-09-26,"within radius",7085,5376,10,3247268,0.774113297462463,0.776599526405334,12.3858346939087
2025-09-27,"within radius",7062,5587,10,3249739,0.774699926376343,0.777206754684448,12.3952121734619
2025-09-28,"within radius",7004,5401,10,3252644,0.775379419326782,0.777892112731934,12.4060974121094
2025-09-29,"within radius",7086,5356,10,3254612,0.775838732719421,0.778361678123474,12.4134292602539
2025-09-30,"within radius",6885,5442,10,3256407.5,0.776269197463989,0.7788254737854,12.4203805923462
2025-10-01,"within radius",6782,5952,10,3260912.5,0.777349233627319,0.779859399795532,12.4376182556152
2025-10-02,"within radius",6849,6417,10,3258676,0.776821136474609,0.779323530197144,12.4291572570801
2025-10-03,"within radius",6789,6301,10,3260263,0.777215480804443,0.779708385467529,12.4354667663574
2025-10-04,"within radius",6900,3259,10,3130600,0.746321678161621,0.74690465927124,11.9411659240723
2025-10-05,"within radius",6882,6194,10,3135980.5,0.747623920440674,0.74820351600647,11.9619922637939
2025-10-06,"within radius",6552,5898,10,3141742,0.749041795730591,0.7496253490448,11.9846992492676
2025-10-07,"within radius",6750,6105,10,3146664,0.750197172164917,0.750781536102295,12.0031623840332
2025-10-08,"within radius",6931,6360,10,3153826,0.751870810985565,0.752445697784424,12.0299606323242
2025-10-09,"within radius",6796,6366,10,3157259,0.752681493759155,0.753262042999268,12.0429134368896
2025-10-10,"within radius",6928,6335,10,3163796,0.754235744476318,0.754808378219604,12.0677833557129
2025-10-11,"within radius",6919,6345,10,3170787,0.755904674530029,0.756491374969482,12.0944938659668
2025-10-12,"within radius",6904,3858,10,3171435.5,0.756058216094971,0.756668162345886,12.0969619750977
2025-10-13,"within radius",6816,6317,10,3173165,0.756478309631348,0.757062768936157,12.1036643981934
2025-10-14,"within radius",6813,6370,10,3170512.5,0.75583690404892,0.756411099433899,12.0934047698975
2025-10-15,"within radius",6926,2803,10,3174038,0.75668215751648,0.757258605957031,12.1069259643555
2025-10-16,"within radius",6854,6329,10,3168264,0.755308151245117,0.75588173866272,12.0849418640137
2025-10-17,"within radius",6883,2411,10,3169584,0.755630970001221,0.756200313568115,12.0901031494141
2025-10-18,"within radius",6866,6306,10,3170990,0.755959093570709,0.756549835205078,12.0953521728516
2025-10-19,"within radius",6949,6318,10,3167808,0.755195617675781,0.755802392959595,12.0831336975098
2025-10-20,"within radius",6925,6358,10,3169772,0.755666494369507,0.756262540817261,12.0906715393066
2025-10-21,"within radius",6772,6346,10,3174148.5,0.756698489189148,0.757309436798096,12.10719871521
2025-10-22,"within radius",6880,6363,10,3173963,0.756662607192993,0.757262420654297,12.106616973877
2025-10-23,"within radius",6954,6353,10,3173793,0.756628513336182,0.757220268249512,12.1060638427734
2025-10-24,"within radius",7113,6285,10,3174210,0.756712198257446,0.757308530807495,12.1073951721191
2025-10-25,"within radius",6432,4638,10,3174992,0.756872177124023,0.75745415687561,12.1099510192871
2025-10-26,"within radius",4800,4621,10,3174108,0.75666069984436,0.757242441177368,12.1065673828125
2025-10-27,"within radius",4828,4615,10,3173545,0.75653076171875,0.757107353210449,12.1044883728027
2025-10-28,"within radius",4814,4610,10,3173430,0.756501793861389,0.757089400291443,12.1040229797363
2025-10-29,"within radius",4809,4608,10,3171721.5,0.756085693836212,0.756664967536926,12.0973682403564
2025-10-30,"within radius",4802,4565,10,3170553,0.755820989608765,0.75639910697937,12.0931205749512
2025-10-31,"within radius",4807,4655,10,3170695,0.755855560302734,0.756429672241211,12.0936889648438
2025-11-01,"within radius",4813,4643,10,3171107,0.755954504013062,0.756532859802246,12.0952701568604
2025-11-02,"within radius",4773,4625,10,3171684,0.75609540939331,0.756681203842163,12.0975227355957
2025-11-03,"within radius",4795,4652,10,3171492,0.756051301956177,0.756631350517273,12.0968151092529
2025-11-04,"within radius",4802,4643,10,3170512,0.755823850631714,0.756388807296753,12.0931777954102
2025-11-05,"within radius",4781,4643,10,3171098,0.755958795547485,0.756525754928589,12.0953330993652
2025-11-06,"within radius",4797,4653,10,3171236,0.755990743637085,0.756557369232178,12.0958480834961
2025-11-07,"within radius",4987,4652,10,3171026.5,0.755936741828918,0.756492614746094,12.0949726104736
2025-11-08,"within radius",4894,4643,10,3172474,0.756287693977356,0.756858539581299,12.1005973815918
2025-11-09,"within radius",4834,4644,10,3173612,0.756546258926392,0.757124996185303,12.1047344207764
2025-11-10,"within radius",4832,4656,10,3173984,0.756647825241089,0.757224678993225,12.1063575744629
2025-11-11,"within radius",5088,3854,9,3061777,0.724363207817078,0.888036823272705,5.94445991516113
2025-11-12,"within radius",3847,3326,9,4179329,0.996299505233765,0.997305929660797,7.97485542297363
2025-11-13,"within radius",4318,3553,9,4179586,0.996397256851196,0.997368431091309,7.9736442565918
2025-11-14,"within radius",4212,3535,9,3653087,0.870932102203369,0.871686840057373,6.96768760681152
2025-11-15,"within radius",4195,3298,9,3649595,0.870085120201111,0.870751690864563,6.96063899993896
2025-11-16,"within radius",3880,3320,9,3641199,0.868081450462341,0.868743443489075,6.94461631774902
2025-11-17,"within radius",3989,3385,9,3641025,0.868042469024658,0.868687748908997,6.94433784484863
2025-11-18,"within radius",4232,3575,9,3641215,0.868085384368896,0.86882529258728,6.9446849822998
2025-11-19,"within radius",4332,3537,9,3641731,0.868193626403809,0.868848061561584,6.9455509185791
2025-11-20,"within radius",4349,3669,9,3645004,0.868946552276611,0.869601535797119,6.95160102844238
2025-11-21,"within radius",4308,3640,9,3646691,0.86934769153595,0.869995665550232,6.95478343963623
2025-11-22,"within radius",4354,3626,9,3653047.5,0.870855212211609,0.871500730514526,6.96684455871582
2025-11-23,"within radius",4322,3554,9,3651645.5,0.870542764663696,0.871178078651428,6.96434211730957
2025-11-24,"within radius",4312,3888,9,3650035.5,0.870160460472107,0.870794916152954,6.96128845214844
2025-11-25,"within radius",4330,3879,9,3652951,0.870845794677734,0.871482181549072,6.96677017211914
2025-11-26,"within radius",4328,3903,9,3651562,0.870523929595947,0.871161937713623,6.96419143676758
2025-11-27,"within radius",4475,3881,9,3641351,0.868083715438843,0.868739128112793,6.94466972351074
2025-11-28,"within radius",4700,3908,9,3633597.5,0.866242408752441,0.866891860961914,6.92994213104248
2025-11-29,"within radius",4665,3922,9,3622683,0.863640308380127,0.864287519454956,6.90912342071533
2025-11-30,"within radius",4598,3875,9,3620518,0.863131046295166,0.86375617980957,6.90504837036133
2025-12-01,"within radius",4557,3884,9,3620463,0.863099694252014,0.863794994354248,6.90479755401611
2025-12-02,"within radius",4622,3902,9,3623060,0.863731861114502,0.864367461204529,6.90985488891602
2025-12-03,"within radius",4577,3869,9,3626375,0.864513874053955,0.865152859687805,6.91611099243164
2025-12-04,"within radius",4562,3841,9,3633852,0.866296291351318,0.86694598197937,6.93037033081055
2025-12-05,"within radius",4639,3807,9,3645722,0.86913013458252,0.869794845581055,6.95304107666016
2025-12-06,"within radius",4305,3840,9,3655848,0.871545672416687,0.87220504283905,6.9723653793335
2025-12-07,"within radius",4317,3821,9,3658004,0.872065305709839,0.872707366943359,6.97652244567871
2025-12-08,"within radius",4289,3885,9,3655521,0.871460676193237,0.872132349014282,6.9716854095459
2025-12-09,"within radius",4360,3896,9,3651954,0.87061333656311,0.87126088142395,6.96490669250488
2025-12-10,"within radius",4254,3902,9,3650437.5,0.870243906974792,0.870909094810486,6.96195125579834
2025-12-11,"within radius",4269,3908,9,3648663.5,0.869835376739502,0.870490312576294,6.95868301391602
2025-12-12,"within radius",4253,3887,9,3649482,0.870015382766724,0.870672941207886,6.96012306213379
2025-12-13,"within radius",4257,3862,9,3648477,0.869781196117401,0.870423769950867,6.95824956893921
2025-12-14,"within radius",4258,3890,9,3649675,0.870069980621338,0.87073905467987,6.9605598449707
2025-12-15,"within radius",4262,3901,9,3649948,0.87013840675354,0.870795726776123,6.96110725402832
2025-12-16,"within radius",4386,3839,9,3653395,0.870966196060181,0.871614694595337,6.96772956848145
2025-12-17,"within radius",4303,1826,9,3653892.5,0.871089935302734,0.87175589799881,6.96871948242188
2025-12-18,"within radius",4204,3288,9,3650172.5,0.870220422744751,0.870879077911377,6.96176338195801
2025-12-19,"within radius",3806,3574,9,3650220.5,0.870175957679749,0.870844173431396,6.96140766143799
2025-12-20,"within radius",3862,3534,9,3652918.5,0.870818495750427,0.871485471725464,6.96654796600342
2025-12-21,"within radius",3907,3657,9,3650934,0.870341300964355,0.8710045337677,6.96273040771484
2025-12-22,"within radius",3913,3683,9,3651056,0.870362520217896,0.871106100082397,6.9628963470459
2025-12-23,"within radius",3992,3701,9,3651241,0.870408296585083,0.871079921722412,6.96326637268066
2025-12-24,"within radius",4013,3656,9,3655757,0.871481478214264,0.87214732170105,6.97185182571411
2025-12-25,"within radius",4021,3673,9,3654621,0.871200799942017,0.871858549118042,6.96960639953613
2025-12-26,"within radius",4069,3625,9,3656206,0.871597409248352,0.872261095046997,6.97277927398682
2025-12-27,"within radius",4008,3674,9,3660533.5,0.87261825799942,0.873251676559448,6.98094606399536
2025-12-28,"within radius",4127,3641,9,3660816,0.872684240341187,0.873344659805298,6.98147392272949
2025-12-29,"within radius",3956,3689,9,3657170,0.871800899505615,0.872473073005676,6.97440719604492
2025-12-30,"within radius",3970,3545,9,3656779,0.87170934677124,0.872389459609985,6.97367477416992
2025-12-31,"within radius",3824,3549,9,3659140,0.872289896011353,0.872939109802246,6.97831916809082
2026-01-01,"within radius",3921,3552,9,3654131.5,0.871072351932526,0.871811723709106,6.9685788154602
2026-01-02,"within radius",3831,3532,9,3650652.5,0.870246648788452,0.870907545089722,6.96197319030762
2026-01-03,"within radius",3753,3527,9,3643470,0.868566036224365,0.869228792190552,6.94852828979492
2026-01-04,"within radius",3757,3489,9,3632949,0.866046786308289,0.866689205169678,6.92837429046631
2026-01-05,"within radius",3903,3457,9,3624036,0.863919734954834,0.864627408981323,6.91135787963867
2026-01-06,"within radius",3806,3465,9,3612825,0.861261487007141,0.861908721923828,6.89009189605713
2026-01-07,"within radius",3763,3465,9,3602225,0.858739376068115,0.85938549041748,6.86991500854492
2026-01-08,"within radius",3731,3440,9,3595834.5,0.857213854789734,0.857856178283691,6.85771083831787
2026-01-09,"within radius",3714,3417,9,3601127,0.858455419540405,0.859134292602539,6.86764335632324
2026-01-10,"within radius",3742,3408,9,3610976.5,0.860820293426514,0.86147141456604,6.88656234741211
2026-01-11,"within radius",4037,3619,9,3616266,0.86208438873291,0.862761497497559,6.89667510986328
2026-01-12,"within radius",4002,3628,9,3627775.5,0.864817142486572,0.865481376647949,6.91853713989258
2026-01-13,"within radius",4004,3659,9,3634958,0.866543531417847,0.867206525802612,6.93234825134277
2026-01-14,"within radius",4018,3659,9,3646402,0.869248390197754,0.869924306869507,6.95398712158203
2026-01-15,"within radius",4056,3706,9,3657476.5,0.87189769744873,0.87255322933197,6.97518157958984
2026-01-16,"within radius",4199,3798,9,3660437,0.87261176109314,0.873280215263367,6.98089408874512
2026-01-17,"within radius",4109,3788,9,3660313.5,0.872577488422394,0.873231267929077,6.98061990737915
2026-01-18,"within radius",4078,3769,9,3660928,0.872717142105103,0.873384857177734,6.98173713684082
2026-01-19,"within radius",4224,3876,9,3660719,0.872666120529175,0.873348474502563,6.9813289642334
2026-01-20,"within radius",4180,3917,9,3664160,0.873486876487732,0.874143934249878,6.98789501190186
2026-01-21,"within radius",4234,3864,9,3662723,0.873148798942566,0.873831295967102,6.98519039154053
2026-01-22,"within radius",4180,3897,9,3664979,0.873706579208374,0.874330234527588,6.98965263366699
2026-01-23,"within radius",4262,3878,9,3665944.5,0.873926043510437,0.87456750869751,6.9914083480835
2026-01-24,"within radius",4244,3879,9,3664225,0.873518466949463,0.874154138565064,6.9881477355957
2026-01-25,"within radius",4230,3844,9,3663647,0.873388051986694,0.874031734466553,6.98710441589355
2026-01-26,"within radius",4250,3879,9,3663390,0.873332023620605,0.873959589004517,6.98665618896484
2026-01-27,"within radius",4232,3857,9,3660196,0.872565507888794,0.873207473754883,6.98052406311035
2026-01-28,"within radius",4259,3831,9,3657251,0.871867656707764,0.872503519058228,6.97494125366211
2026-01-29,"within radius",4327,3710,9,3661827,0.872926235198975,0.873550653457642,6.9834098815918
2026-01-30,"within radius",4187,3864,9,3662319.5,0.873052477836609,0.873702073097229,6.98441982269287
2026-01-31,"within radius",4223,1437,9,3665556,0.873852014541626,0.874443769454956,6.99081611633301
2026-02-01,"within radius",4075,3724,9,3665539,0.873847007751465,0.874458718299866,6.99077606201172
2026-02-02,"within radius",4069,3730,9,3664543,0.873616218566895,0.874236059188843,6.98892974853516
2026-02-03,"within radius",4069,3724,9,3655727,0.871488451957703,0.872127771377563,6.97190761566162
2026-02-04,"within radius",4092,3722,9,3658718.5,0.872207880020142,0.872840166091919,6.97766304016113
2026-02-05,"within radius",4113,3722,9,3662339,0.873061656951904,0.873681437969208,6.98449325561523
2026-02-06,"within radius",4095,3735,9,3660191,0.872549772262573,0.873194169998169,6.98039817810059
2026-02-07,"within radius",4064,3698,9,3657727.5,0.871969699859619,0.872651648521423,6.97575759887695
2026-02-08,"within radius",4102,3688,9,3660296,0.872577369213104,0.873236656188965,6.98061895370483
2026-02-09,"within radius",4089,3693,9,3659244,0.872339487075806,0.872962474822998,6.97871589660645
2026-02-10,"within radius",4057,3472,9,3659978,0.872493982315063,0.873137927055359,6.97995281219482
2026-02-11,"within radius",4248,3289,9,3660074,0.872514724731445,0.873152780532837,6.98012256622314
2026-02-12,"within radius",4380,3610,9,3668229.5,0.874465227127075,0.875123500823975,6.99572467803955
2026-02-13,"within radius",4310,3141,9,3664278,0.87349534034729,0.874458074569702,6.98796272277832
2026-02-14,"within radius",3724,3464,9,3663971,0.873486638069153,0.874130773544311,6.98789405822754
2026-02-15,"within radius",3796,3179,9,3662377,0.873090028762817,0.873779058456421,6.98472213745117
2026-02-16,"within radius",3683,3182,9,3660739,0.872712969779968,0.873367524147034,6.98170852661133
2026-02-17,"within radius",3766,3193,9,3663159,0.873282670974731,0.873914432525635,6.98626136779785
2026-02-18,"within radius",3746,3189,9,3661893,0.872990131378174,0.87363224029541,6.98392200469971
2026-02-19,"within radius",3887,3331,9,3658905,0.872234582901001,0.872891426086426,6.97788047790527
2026-02-20,"within radius",4364,3566,9,3658194,0.872069835662842,0.872723042964935,6.97655868530273
2026-02-21,"within radius",4334,3550,9,3657829,0.871977210044861,0.872622299194336,6.97581768035889
2026-02-22,"within radius",4338,3566,9,3660203.5,0.872560024261475,0.873201370239258,6.9804801940918
2026-02-23,"within radius",4360,3597,9,3662204,0.873002767562866,0.873660373687744,6.98402500152588
2026-02-24,"within radius",4273,3585,9,3664552,0.873593330383301,0.874234914779663,6.98875045776367
2026-02-25,"within radius",4264,3681,9,3663033,0.873221397399902,0.873863697052002,6.98577117919922
2026-02-26,"within radius",4273,3556,9,3664733.5,0.87362277507782,0.874293088912964,6.98899269104004
2026-02-27,"within radius",4272,3546,9,3664849,0.873668074607849,0.874307036399841,6.98934936523438
2026-02-28,"within radius",4355,3273,9,3665069,0.873713493347168,0.874351453781128,6.98971366882324
2026-03-01,"within radius",4292,3215,9,3651441,0.870453357696533,0.871106147766113,6.96362686157227
2026-03-02,"within radius",4182,3565,9,3650753,0.870269536972046,0.870918655395508,6.96215629577637
2026-03-03,"within radius",4382,3614,9,3653875.5,0.871041119098663,0.871707773208618,6.968337059021
2026-03-04,"within radius",4285,3623,9,3658266,0.872080683708191,0.872743701934814,6.97664546966553
2026-03-05,"within radius",4323,3591,9,3657031,0.871785879135132,0.872440814971924,6.97428703308105
2026-03-06,"within radius",4319,3582,9,3657542,0.871926784515381,0.872565913200378,6.97541427612305
2026-03-07,"within radius",4277,3601,9,3664282,0.873520374298096,0.874171257019043,6.9881649017334
2026-03-08,"within radius",4210,3547,9,3668274,0.874486207962036,0.875095367431641,6.99588966369629
2026-03-09,"within radius",4381,3931,9,3675616,0.876250267028809,0.876880884170532,7.01000213623047
2026-03-10,"within radius",4330,3615,9,3672344,0.875441074371338,0.876142024993896,7.0035285949707
2026-03-11,"within radius",4309,3567,9,3667894,0.874404191970825,0.875064373016357,6.99524116516113
2026-03-12,"within radius",4254,3551,9,3672619,0.875509023666382,0.876176118850708,7.00407218933105
2026-03-13,"within radius",4238,3584,9,3669261,0.874730825424194,0.875377416610718,6.9978494644165
2026-03-14,"within radius",4195,3550,9,3669845,0.874874114990234,0.875534319877625,6.99899768829346
2026-03-15,"within radius",4194,3605,9,3672447,0.875486135482788,0.876156997680664,7.0038890838623
2026-03-16,"within radius",4183,3584,9,3670169.5,0.874927163124084,0.875613951683044,6.99941825866699
2026-03-17,"within radius",4170,3589,9,3669114,0.874688863754272,0.87534909248352,6.99751091003418
2026-03-18,"within radius",4165,3570,9,3672095.5,0.87540066242218,0.876059627532959,7.00320529937744
2026-03-19,"within radius",4196,3596,9,3671628.5,0.87528645992279,0.875930905342102,7.00229454040527
2026-03-20,"within radius",4172,3565,9,3665983,0.873938322067261,0.874604272842407,6.99150848388672
2026-03-21,"within radius",4170,3552,9,3666845,0.874128818511963,0.874775409698486,6.9930305480957
2026-03-22,"within radius",4395,3593,9,3665610,0.873846054077148,0.874492788314819,6.99076843261719
2026-03-23,"within radius",4265,3616,9,3666458.5,0.874052882194519,0.874688386917114,6.99242973327637
2026-03-24,"within radius",4381,3220,9,3665740,0.873890101909637,0.874530792236328,6.99112462997437
2026-03-25,"within radius",4373,3589,9,3665830,0.873906373977661,0.874527788162231,6.99127388000488
2026-03-26,"within radius",4311,3588,9,3668789,0.874625086784363,0.87527060508728,6.99700260162354
2026-03-27,"within radius",4289,3553,9,3672053,0.875402212142944,0.876013040542603,7.00321769714355
2026-03-28,"within radius",4279,3549,9,3673339,0.875694036483765,0.876316785812378,7.00555229187012
2026-03-29,"within radius",4274,3650,9,3670022,0.874880909919739,0.875511884689331,6.99904727935791
2026-03-30,"within radius",4277,3569,9,3677204,0.876605033874512,0.87724723815918,7.01284027099609
2026-03-31,"within radius",4278,3527,9,3678995,0.877043008804321,0.877681589126587,7.01634407043457
2026-04-01,"within radius",4284,3567,9,3678978,0.877053022384644,0.87768406867981,7.01642417907715
2026-04-02,"within radius",4235,3561,9,3679957,0.877256155014038,0.877909660339355,7.0180492401123
2026-04-03,"within radius",4233,3588,9,3680771.5,0.877444982528687,0.87807092666626,7.01956462860107
2026-04-04,"within radius",4239,3536,9,3680200.5,0.877330183982849,0.877979159355164,7.01864433288574
2026-04-05,"within radius",4238,3599,9,3681247,0.877594947814941,0.878236961364746,7.02076721191406
2026-04-06,"within radius",4386,3525,9,3676942,0.876544237136841,0.877208471298218,7.01235389709473
2026-04-07,"within radius",4203,3505,9,3676737,0.876498937606812,0.877139568328857,7.01199150085449
2026-04-08,"within radius",4209,3504,9,3676344,0.876405358314514,0.877026081085205,7.01124572753906
2026-04-09,"within radius",4184,3481,9,3676191,0.8763587474823,0.876979827880859,7.0108699798584
2026-04-10,"within radius",4124,3500,9,3677048.5,0.876555562019348,0.87719566822052,7.01244926452637
2026-04-11,"within radius",4102,3467,9,3673979,0.875851392745972,0.876487159729004,7.00681304931641
2026-04-12,"within radius",4082,1267,9,3676795,0.876492977142334,0.877180337905884,7.01195049285889
2026-04-13,"within radius",4151,3502,9,3673059.5,0.875609636306763,0.876237511634827,7.00487804412842
2026-04-14,"within radius",4139,765,9,3674824,0.876043081283569,0.876752519607544,7.00834465026855
2026-04-15,"within radius",4345,2822,9,3670349,0.874990224838257,0.875753116607666,6.99992179870605
2026-04-16,"within radius",4270,3552,9,3668528.5,0.874507784843445,0.875238156318665,6.99606895446777
2026-04-17,"within radius",3785,3085,9,3676216,0.876317024230957,0.87715539932251,7.01055717468262
2026-04-18,"within radius",4317,3441,9,3676247,0.876343250274658,0.87708854675293,7.0107479095459
2026-04-19,"within radius",3806,1947,9,3673286,0.875596761703491,0.876408624649048,7.00477409362793
2026-04-20,"within radius",3837,1497,9,3673254,0.875636339187622,0.876353597640991,7.00509262084961
2026-04-21,"within radius",4219,2762,9,3675545.5,0.87624728679657,0.876968622207642,7.00998020172119
2026-04-22,"within radius",4150,3130,9,3679712.5,0.877221941947937,0.877925407886505,7.01777744293213
2026-04-23,"within radius",4163,2958,9,3678787.5,0.876991271972656,0.877643203735352,7.0159330368042
2026-04-24,"within radius",4166,2489,9,3680518,0.877400040626526,0.878066158294678,7.01920318603516
2026-04-25,"within radius",4113,2445,9,3681923,0.877750635147095,0.878429555892944,7.02200508117676
2026-04-26,"within radius",4068,2812,9,3680012.5,0.877258896827698,0.877956295013428,7.01807117462158
2026-04-27,"within radius",4067,2417,9,3680116,0.877304077148438,0.877953290939331,7.0184326171875
2026-04-28,"within radius",4113,2439,9,3680534,0.877383470535278,0.878085994720459,7.01907062530518
2026-04-29,"within radius",4141,2228,9,3682333,0.877822041511536,0.878544974327087,7.02257633209229
2026-04-30,"within radius",4115,3344,9,3678854,0.876984477043152,0.87761332988739,7.01587677001953
2026-05-01,"within radius",4072,3780,9,3680165,0.877297461032867,0.877927803993225,7.01838064193726
2026-05-02,"within radius",3978,3688,9,3678797,0.87697446346283,0.877594590187073,7.01579761505127
2026-05-03,"within radius",3881,1602,9,3677877,0.876772880554199,0.877403926849365,7.01418304443359
2026-05-04,"within radius",3823,1812,9,3677145,0.876583933830261,0.877228307723999,7.01267147064209
2026-05-05,"within radius",3816,1561,9,3674109,0.875827550888062,0.876519441604614,7.00662040710449
2026-05-06,"within radius",3769,1157,9,3677244,0.876622438430786,0.877220344543457,7.01297950744629
2026-05-07,"within radius",3799,1147,9,3677256,0.87660813331604,0.877274894714355,7.01286506652832
2026-05-08,"within radius",3787,773,9,3678290,0.876813888549805,0.877474665641785,7.01451110839844
2026-05-09,"within radius",3781,1058,9,3676738,0.876468181610107,0.877158522605896,7.01174545288086
2026-05-10,"within radius",3834,848,9,3679603.5,0.877127408981323,0.877763938903809,7.01701927185059
2026-05-11,"within radius",3882,765,9,3682834,0.877930283546448,0.878577852249145,7.02344226837158
2026-05-12,"within radius",3782,655,9,3681539,0.8776695728302,0.878340768814087,7.0213565826416
2026-05-13,"within radius",3778,3180,9,3679701,0.877169132232666,0.877809202671051,7.01735401153564
2026-05-14,"within radius",3783,3065,9,3685626,0.878599405288696,0.879274606704712,7.02880001068115
2026-05-15,"within radius",3823,3058,9,3684865,0.878422379493713,0.879100334644318,7.02737998962402
2026-05-16,"within radius",3861,2909,9,3683461,0.878078937530518,0.878727006912231,7.02463340759277
2026-05-17,"within radius",3849,2920,9,3678023.5,0.876778244972229,0.877434277534485,7.01422595977783
2026-05-18,"within radius",3800,3222,9,3671161,0.875151753425598,0.875812184810638,7.00122261047363
2026-05-19,"within radius",3795,3144,9,3666625.5,0.87408185005188,0.874742126464844,6.99266815185547
2026-05-20,"within radius",3774,2876,9,3661438,0.87284916639328,0.873513698577881,6.98279619216919
2026-05-21,"within radius",3866,2802,9,3655032.5,0.871292591094971,0.8719473361969,6.97034645080566
2026-05-22,"within radius",3785,2632,9,3648928,0.869847893714905,0.870495533943176,6.95878791809082
2026-05-23,"within radius",3789,2241,9,3644284,0.86873984336853,0.869365692138672,6.94992828369141
2026-05-24,"within radius",3778,2000,9,3647677.5,0.869546473026276,0.870211684703827,6.9563717842102
2026-05-25,"within radius",3780,1505,9,3645704,0.869095325469971,0.869762992858887,6.95276260375977
2026-05-26,"within radius",3787,1346,9,3644278.5,0.86874121427536,0.869376063346863,6.94992971420288
2026-05-27,"within radius",3873,3160,9,3643908.5,0.868675708770752,0.869321417808533,6.94940567016602
2026-05-28,"within radius",3694,3101,9,3639941,0.86768388748169,0.868726491928101,6.94147109985352
2026-05-29,"within radius",3706,3082,9,3630085,0.865358114242554,0.866196870803833,6.92286491394043
2026-05-30,"within radius",3752,2913,9,3629317,0.865191221237183,0.866008996963501,6.92152976989746
2026-05-31,"within radius",3692,2523,9,3621807,0.863388180732727,0.864189863204956,6.90710544586182
2026-06-01,"within radius",3701,2119,9,3613573,0.861408948898315,0.862212657928467,6.89127159118652
2026-06-02,"within radius",3738,1972,9,3608122.5,0.86009269952774,0.862042260169983,6.88074159622192
2026-06-03,"within radius",3704,1618,9,3605440.5,0.859447002410889,0.860590291023254,6.87557601928711
2026-06-04,"within radius",3710,1403,9,3606326,0.85965633392334,0.860666465759277,6.87725067138672
2026-06-05,"within radius",3723,1293,9,3606493,0.859718799591064,0.860551118850708,6.87775039672852
2026-06-06,"within radius",3686,864,9,3605569,0.859476089477539,0.860222983360291,6.87580871582031
2026-06-07,"within radius",3757,865,9,3601837,0.858623504638672,0.859291648864746,6.86898803710938
2026-06-08,"within radius",3700,691,9,3602008,0.858638286590576,0.859342336654663,6.86910629272461
2026-06-09,"within radius",3824,3573,9,3592231,0.856334209442139,0.856981348991394,6.85067367553711
2026-06-10,"within radius",3751,3212,9,3601391.5,0.858498930931091,0.859147691726685,6.86799144744873
2026-06-11,"within radius",3633,2837,9,3600133,0.858217716217041,0.85885419845581,6.86574172973633
2026-06-12,"within radius",3745,2544,9,3601108.5,0.858448624610901,0.859110713005066,6.86758899688721
2026-06-13,"within radius",3606,2312,9,3603261,0.858945846557617,0.85961902141571,6.87156677246094
2026-06-14,"within radius",3580,2071,9,3603474,0.859012842178345,0.859657287597656,6.87210273742676
2026-06-15,"within radius",3730,2034,9,3603147,0.858942270278931,0.859580492973328,6.87153816223145
2026-06-16,"within radius",3707,1663,9,3601853,0.858628511428833,0.859261274337769,6.86902809143066
2026-06-17,"within radius",3683,1395,9,3602389,0.858789205551147,0.859429121017456,6.87031364440918
2026-06-18,"within radius",3702,1506,9,3605375.5,0.859478950500488,0.860090792179108,6.87583160400391
2026-06-19,"within radius",3707,1222,9,3603851,0.859110474586487,0.859787845611572,6.8728837966919
2026-06-20,"within radius",3705,886,9,3603024,0.858926177024841,0.859579622745514,6.87140941619873
2026-06-21,"within radius",3697,683,9,3605296,0.859457015991211,0.860068416595459,6.87565612792969
2026-06-22,"within radius",3658,765,9,3603191,0.858978748321533,0.859620809555054,6.87182998657227
2026-06-23,"within radius",3666,965,9,3606962,0.859866142272949,0.860537838935852,6.87892913818359
2026-06-24,"within radius",3761,1582,9,3609578.5,0.860451996326447,0.861143970489502,6.88361597061157
2026-06-25,"within radius",3712,1482,9,3610765,0.860740780830383,0.861421823501587,6.88592624664307
2026-06-26,"within radius",3685,1364,9,3610207,0.860612630844116,0.861272811889648,6.88490104675293
2026-06-27,"within radius",3766,1196,9,3609531.5,0.8604576587677,0.861135125160217,6.8836612701416
2026-06-28,"within radius",3821,1059,9,3610843,0.860783576965332,0.861440944671631,6.88626861572266
2026-06-29,"within radius",3743,1120,9,3613949.5,0.861520528793335,0.862181723117828,6.89216423034668
2026-06-30,"within radius",3698,947,9,3614169,0.861562252044678,0.862193059921265,6.89249801635742
2026-07-01,"within radius",3699,829,9,3613171,0.86130952835083,0.861958837509155,6.89047622680664
2026-07-02,"within radius",3749,674,9,3615228.5,0.861839294433594,0.862544083595276,6.89471435546875
2026-07-03,"within radius",3803,1200,9,3614942,0.86176061630249,0.862412202358246,6.89408493041992
2026-07-04,"within radius",3804,1613,9,3612159,0.861082553863525,0.861729621887207,6.8886604309082
2026-07-05,"within radius",3734,1505,9,3612835,0.861250638961792,0.861903429031372,6.89000511169434
2026-07-06,"within radius",3692,1723,9,3615195,0.861806392669678,0.862483978271484,6.89445114135742
2026-07-07,"within radius",3790,2015,9,3613129,0.861293792724609,0.861940574645996,6.89035034179688
2026-07-08,"within radius",3915,3516,9,3616202.5,0.861956655979156,0.866582036018372,6.89566993713379
2026-07-09,"within radius",3900,3714,9,3634893,0.866445779800415,0.869179463386536,6.93157291412354
2026-07-10,"within radius",3887,3702,9,3648308,0.869627475738525,0.871675038337707,6.95703125
2026-07-11,"within radius",3879,3069,9,3655987,0.87149178981781,0.87272834777832,6.97194671630859
2026-07-12,"within radius",3849,2577,9,3661246,0.872733116149902,0.87350926399231,6.98186874389648
2026-07-13,"within radius",3880,2591,9,3664658,0.873601198196411,0.874261617660522,6.98882675170898
2026-07-14,"within radius",3813,2490,9,3667029,0.874175667762756,0.874818682670593,6.99341773986816
2026-07-15,"within radius",3879,2203,9,3663675,0.873357057571411,0.874009990692139,6.98687362670898
2026-07-16,"within radius",3834,1917,9,3665616,0.873814344406128,0.874461388587952,6.99053001403809
2026-07-17,"within radius",3846,1478,9,3665342.5,0.873740434646606,0.874400150775909,6.98992347717285
2026-07-18,"within radius",3843,827,9,3667424,0.87427568435669,0.874963665008545,6.99420547485352
2026-07-19,"within radius",4055,2577,9,3669103,0.874643087387085,0.875364303588867,6.99715423583984
2026-07-20,"within radius",4050,2278,9,3666944,0.874150097370148,0.874808382987976,6.99320220947266
2026-07-21,"within radius",3891,2430,9,3660153.5,0.872502684593201,0.873145866394043,6.98003244400024
2026-07-22,"within radius",3921,3223,9,3656162,0.871541976928711,0.872217988967896,6.97236061096191
2026-07-23,"within radius",4310,3583,9,3634181,0.866300821304321,0.866959095001221,6.9304084777832
2026-07-24,"within radius",3909,3493,9,3628551,0.864978075027466,0.865628004074097,6.91982650756836
2026-07-25,"within radius",3950,3584,9,3620571.5,0.863072633743286,0.863732028007507,6.90459156036377
2026-07-26,"within radius",4018,3560,9,3618323.5,0.862534523010254,0.863176012039185,6.90028190612793
2026-07-27,"within radius",3897,3079,9,3612344,0.861116647720337,0.861757659912109,6.8889331817627
2026-07-28,"within radius",3993,1954,9,3612260,0.86104953289032,0.861698961257935,6.88839721679688
2026-07-29,"within radius",3989,943,9,3613066,0.86125659942627,0.861903238296509,6.89007568359375
2026-07-30,"within radius",3905,1148,9,3613478,0.861375331878662,0.862012982368469,6.89101600646973
2026-07-31,"within radius",4072,1139,9,3614563,0.861608505249023,0.862247371673584,6.89288139343262
2026-08-01,"within radius",3885,1207,9,3624674,0.864033699035645,0.864669466018677,6.91226959228516
2026-08-02,"within radius",3874,2251,9,3633697,0.866183280944824,0.866854190826416,6.92948150634766
2026-08-03,"within radius",4228,2824,9,3633086,0.866074323654175,0.866714537143707,6.92861080169678
2026-08-04,"within radius",4166,2305,9,3634582,0.866427659988403,0.867032432556152,6.93144416809082
2026-08-05,"within radius",3781,2619,9,3641649,0.868109941482544,0.868739700317383,6.94488334655762
2026-08-06,"within radius",4492,2087,9,3652050,0.870588064193726,0.871230149269104,6.96471786499023
2026-08-07,"within radius",3921,3041,9,3666773,0.874095678329468,0.874748468399048,6.99277496337891
2026-08-08,"within radius",3789,3205,9,3679985,0.877246618270874,0.877890348434448,7.01798629760742
2026-08-09,"within radius",3864,3181,9,3697612,0.881466746330261,0.882091999053955,7.05173492431641
2026-08-10,"within radius",3820,3110,9,3705248,0.883265972137451,0.88392379283905,7.06613492965698
2026-08-11,"within radius",3978,3148,9,3711523.5,0.884774744510651,0.885435962677002,7.07821178436279
2026-08-12,"within radius",4444,3111,9,3729727,0.889114618301392,0.889774084091187,7.11292457580566
2026-08-13,"within radius",5140,2884,9,3744757,0.892680883407593,0.893353724479675,7.14145660400391
2026-08-14,"within radius",5861,2709,9,3765420,0.897618532180786,0.898258447647095,7.18095588684082
2026-08-15,"within radius",5139,2726,9,3774882.5,0.899878442287445,0.900513589382172,7.1990442276001
2026-08-16,"within radius",5114,3236,9,3776597.5,0.900305271148682,0.900944709777832,7.20245170593262
2026-08-17,"within radius",4455,3156,9,3793801.5,0.904391288757324,0.905038714408875,7.23513603210449
2026-08-18,"within radius",4224,2481,9,3811091,0.908493757247925,0.909121990203857,7.2679615020752
2026-08-19,"within radius",4823,698,9,3793781,0.904366135597229,0.904948830604553,7.23492908477783
2026-08-20,"within radius",4383,2828,9,3752702,0.894190669059753,0.910209202766418,7.15353488922119
2026-08-21,"within radius",4101,2989,9,3755812,0.895347476005554,0.896017265319824,7.16280174255371
2026-08-22,"within radius",4571,3177,9,3748322,0.893549919128418,0.894201421737671,7.1484203338623
2026-08-23,"within radius",4241,3209,9,3752190,0.894470930099487,0.895104169845581,7.15577125549316
2026-08-24,"within radius",3957,3276,9,3750732,0.894132971763611,0.894772052764893,7.15307140350342
2026-08-25,"within radius",3927,2601,9,3751520,0.894313812255859,0.894942760467529,7.15451622009277
2026-08-26,"within radius",3782,3228,9,3766082.5,0.897779941558838,0.898409366607666,7.18226051330566
2026-08-27,"within radius",4430,2901,9,3767153,0.898041248321533,0.898687362670898,7.18434524536133
2026-08-28,"within radius",4343,3399,9,3771664,0.89913272857666,0.899775052070618,7.19307327270508
2026-08-29,"within radius",3911,3054,9,3772935.5,0.899414896965027,0.900059294700623,7.19532203674316
2026-08-30,"within radius",3759,2570,9,3772850.5,0.899378418922424,0.900031089782715,7.19503116607666
2026-08-31,"within radius",3649,1419,9,3784351,0.902132630348206,0.902825117111206,7.21706962585449
2026-09-01,"within radius",3714,1,9,3791801,0.904035806655884,0.904035806655884,7.23228645324707
2026-09-02,"within radius",3880,748,9,3790200,0.903513550758362,0.904221296310425,7.22814559936523
2026-09-03,"within radius",4521,1995,9,3793955,0.904444932937622,0.905074262619019,7.23556900024414
2026-09-04,"within radius",5105,3330,9,3802824.5,0.906566858291626,0.907208704948425,7.25254249572754
2026-09-05,"within radius",4994,3432,9,3805585.5,0.907203674316406,0.907870197296143,7.25763702392578
2026-09-06,"within radius",4952,3058,9,3814142,0.909230947494507,0.909907579421997,7.27385950088501
2026-09-07,"within radius",4327,3347,9,3819619,0.910563945770264,0.911236190795899,7.28452491760254
2026-09-08,"within radius",3758,3256,9,3821876.5,0.911088347434998,0.911751806735992,7.2887134552002
2026-09-09,"within radius",3766,3404,9,3790693,0.903656125068665,0.90432026386261,7.22926616668701
2026-09-10,"within radius",3825,2956,9,3772611,0.899336397647858,0.899979114532471,7.19469928741455
2026-09-11,"within radius",3893,3362,9,3773498,0.89953738451004,0.900203919410706,7.19630479812622
2026-09-12,"within radius",4141,3005,9,3774027,0.899714112281799,0.900457334518433,7.19772529602051
2026-09-13,"within radius",4327,3305,9,3771997,0.899271488189697,0.899938726425171,7.19417762756348
2026-09-14,"within radius",4492,3331,9,3771682,0.899182796478271,0.899848461151123,7.19347190856934
2026-09-15,"within radius",5680,3183,9,3773543,0.899611711502075,0.900269508361816,7.19689846038818
2026-09-16,"within radius",5445,926,9,3777225,0.90049684047699,0.901162147521973,7.20400047302246
2026-09-17,"within radius",4040,2887,9,3777715,0.900617837905884,0.901288223266602,7.20495414733887
2026-09-18,"within radius",4918,2647,9,3777073,0.900468349456787,0.901157379150391,7.20375823974609
2026-09-19,"within radius",4328,3172,9,3778205.5,0.900720477104187,0.90145947933197,7.20578193664551
2026-09-20,"within radius",5982,3072,9,3775360,0.900053024291992,0.900796747207642,7.20045375823975
2026-09-21,"within radius",4314,2804,9,3773086,0.899511814117432,0.900221729278564,7.19609928131104
2026-09-22,"within radius",4110,3075,9,3779356,0.901025056838989,0.901741361618042,7.20820236206055
2026-09-23,"within radius",4504,2866,9,3791478,0.903904020786285,0.904636025428772,7.23125076293945
2026-09-24,"within radius",4231,2248,9,3816796.5,0.909925222396851,0.910614609718323,7.2794132232666
2026-09-25,"within radius",3875,3359,9,3828017,0.912619590759277,0.913377904891968,7.30096817016602
2026-09-26,"within radius",3899,653,9,3829918,0.913065910339355,0.913757133483887,7.30454254150391
2026-09-27,"within radius",4182,1026,9,3829226,0.912891268730164,0.913598537445068,7.30313014984131
2026-09-28,"within radius",5085,2944,9,3828151.5,0.91263484954834,0.913327240943909,7.30108642578125
2026-09-29,"within radius",4873,1825,9,3834958,0.914245843887329,0.915058946609497,7.31396865844727
2026-09-30,"within radius",4607,2504,9,3833725.5,0.913958311080933,0.914722394943237,7.31169033050537
2026-10-01,"within radius",4756,2574,9,3854108,0.918826341629028,0.919514083862305,7.35061836242676
2026-10-02,"within radius",4047,2694,9,3865601.5,0.921561479568481,0.92229700088501,7.37250328063965
2026-10-03,"within radius",5818,3005,9,3866413,0.921775341033936,0.922537851333618,7.37420654296875
2026-10-04,"within radius",7180,2772,9,3806616.5,0.907506942749023,0.908286643028259,7.26008415222168
2026-10-05,"within radius",5471,2428,9,3808052.5,0.907849669456482,0.90858302116394,7.26280784606934
2026-10-06,"within radius",5274,2425,9,3810350,0.90839672088623,0.90924665927887,7.26718902587891
